regne,group1_inpn,group2_inpn,i_cd_ref,i_cd_nom_list,i_nom_valid,i_nb_cd_nom,f_cd_ref,f_cd_nom_list,f_nom_valid,f_nb_cd_nom,att_list,att_nb,media_nb,grappe_change,action,cas
Fungi,Ascomycètes,Lichens,1015119,[1015119],"Aspicilia reagens (Zahlbr.) Cl.Roux & M.Bertrand, 2016",1,1049673,[1015119],"Circinaria reagens (Zahlbr.) A.Nordin, 2016",1,,,,cas1,Update cd_ref no changes for attributes and medium,update cd_ref
Plantae,Trachéophytes,Angiospermes,122840,[122840],"Serapias x ambigua Rouy, 1891",1,1053880,[122840],"Serapias x ambigua Rouy ex E.G.Camus, 1892",1,,,,cas1,Update cd_ref no changes for attributes and medium,update cd_ref
Fungi,Ascomycètes,Lichens,59319,[59319],"Fulgensia desertorum (Tomin) Poelt, 1965",1,1042523,[59319],"Gyalolechia desertorum (Tomin) Søchting, Frödén & Arup, 2013",1,,,,cas1,Update cd_ref no changes for attributes and medium,update cd_ref
Fungi,Ascomycètes,Lichens,660114,[660114],"Caloplaca haematites (Chaub. ex St.-Amans) Zwackh, 1862",1,1044021,[660114],"Sanguineodiscus haematites (Chaub.ex St.-Amans) I.V.Frolov & Vondrák, 2020",1,,,,cas1,Update cd_ref no changes for attributes and medium,update cd_ref
Fungi,Ascomycètes,Lichens,658760,[658760],"Strigula brevis Bricaud & Cl.Roux, 2004",1,1042385,[658760],"Dichoporis brevis (Bricaud & Cl.Roux) S.H.Jiang, Lücking & Sérus., 2020",1,,,,cas1,Update cd_ref no changes for attributes and medium,update cd_ref
Plantae,Trachéophytes,Angiospermes,717708,[717708],"Yucca elephantipes Regel ex Trel., 1902",1,637388,[717708],"Yucca guatemalensis Baker, 1871",1,,,,cas1,Update cd_ref no changes for attributes and medium,update cd_ref
Fungi,Ascomycètes,Lichens,57815,[57815],"Cladonia symphycarpia (Ach.) Fr., 1826",1,57813,[57815],"Cladonia symphycarpa (Flörke) Fr., 1826",1,,,2,cas1,Update cd_ref no changes for attributes and medium,update cd_ref
Fungi,Basidiomycètes,Autres,36479,[36479],"Inocybe perlata (Cooke) Sacc., 1887",1,1043681,[36479],"Pseudosperma perlatum (Cooke) Matheny & Esteve-Rav., 2019",1,,,,cas1,Update cd_ref no changes for attributes and medium,update cd_ref
Fungi,Ascomycètes,Lichens,57394,[57394],"Bacidia trachona (Ach.) Lettau, 1912",1,1041570,[57394],"Aquacidia trachona (Ach.) Aptroot, 2018",1,,,,cas1,Update cd_ref no changes for attributes and medium,update cd_ref
Fungi,Ascomycètes,Lichens,660090,[660090],"Caloplaca pusilla (A.Massal.) Zahlbr., 1926",1,978026,[660090],"Calogaya pusilla (A.Massal.) Arup, Frödén & Søchting, 2013",1,,,,cas1,Update cd_ref no changes for attributes and medium,update cd_ref
Animalia,Arthropodes,Insectes,608261,[608261],"Parnassius mnemosyne cassiensis Siépi, 1909",1,1042430,[608261],"Parnassius turatii cassiensis Siépi, 1909",1,,,,cas1,Update cd_ref no changes for attributes and medium,update cd_ref
Fungi,Ascomycètes,Lichens,58566,[58566],"Lecanora prominens Clauzade & Vězda, 1966",1,1045947,[58566],"Polyozosia prominens (Clauzade & Vězda) S.Y.Kondr., Lőkös & Farkas, 2020",1,,,,cas1,Update cd_ref no changes for attributes and medium,update cd_ref
Fungi,Ascomycètes,Lichens,59553,[59553],"Caloplaca xantholyta (Nyl.) Jatta, 1902",1,59554,[59553],"Leproplaca xantholyta (Nyl.) Nyl., 1888",1,,,,cas1,Update cd_ref no changes for attributes and medium,update cd_ref
Fungi,Ascomycètes,Lichens,660135,[660135],"Caloplaca chrysodeta (Vain.) Dombr., 1970",1,1051920,[660135],"Leproplaca chrysodeta (Vain.) J.R.Laundon ex Ahti, 2015",1,,,,cas1,Update cd_ref no changes for attributes and medium,update cd_ref
Fungi,Ascomycètes,Lichens,56573,[56573],"Moelleropsis nebulosa (Hoffm.) Gyeln., 1940",1,980485,[56573],"Fuscopannaria nebulosa (Hoffm.) E.Tripp & Lendemer, 2019",1,,,,cas1,Update cd_ref no changes for attributes and medium,update cd_ref
Animalia,Arthropodes,Insectes,66154,"[66154, 971819]","Chorthippus saulcyi daimei (Azam, 1893)",2,971819,"[66154, 971819]","Gomphocerippus saulcyi daimei (Azam, 1893)",2,,,3,cas1,Update cd_ref no changes for attributes and medium,update cd_ref
Animalia,Arthropodes,Insectes,66133,[66133],"Chorthippus pullus (Philippi, 1830)",1,971762,[66133],"Gomphocerippus pullus (Philippi, 1830)",1,,,5,cas1,Update cd_ref no changes for attributes and medium,update cd_ref
Fungi,Ascomycètes,Lichens,660096,[660096],"Caloplaca ora Poelt & Nimis, 1987",1,1042461,[660096],"Flavoplaca ora (Poelt & Nimis) Arup, Frödén & Søchting, 2013",1,,,,cas1,Update cd_ref no changes for attributes and medium,update cd_ref
Fungi,Ascomycètes,Lichens,653959,[653959],"Strigula taylorii (Carroll ex Nyl.) R.C.Harris, 1980",1,1042392,[653959],"Dichoporis taylorii (Carroll ex Nyl.) S.H.Jiang, Lücking & Sérus., 2020",1,,,,cas1,Update cd_ref no changes for attributes and medium,update cd_ref
Fungi,Ascomycètes,Lichens,658686,[658686],"Toninia leptogii Timdal, 1991",1,1048598,[658686],"Thalloidima leptogii (Timdal) Timdal, 2018",1,,,,cas1,Update cd_ref no changes for attributes and medium,update cd_ref
Fungi,Basidiomycètes,Autres,36282,[36282],"Inocybe cookei Bres., 1892",1,1043613,[36282],"Inosperma cookei (Bres.) Matheny & Esteve-Rav., 2019",1,,,1,cas1,Update cd_ref no changes for attributes and medium,update cd_ref
Fungi,Ascomycètes,Lichens,58583,[58583],"Lecanora agardhiana Ach., 1814",1,979692,[58583],"Polyozosia agardhiana (Ach.) S.Y.Kondr., Lőkös & Farkas, 2020",1,,,,cas1,Update cd_ref no changes for attributes and medium,update cd_ref
Animalia,Arthropodes,Myriapodes,400706,[400706],"Geophilus alpinus Meinert, 1870",1,1046324,[400706],"Geophilus impressus C.L. Koch, 1847",1,,,,cas1,Update cd_ref no changes for attributes and medium,update cd_ref
Animalia,Arthropodes,Insectes,245409,[245409],"Nemapogon granella (Linnaeus, 1758)",1,1050324,[245409],"Nemapogon granellus (Linnaeus, 1758)",1,,,1,cas1,Update cd_ref no changes for attributes and medium,update cd_ref
Plantae,Trachéophytes,Angiospermes,717727,[717727],"Aloe striatula Haw., 1825",1,1050097,[717727],"Aloiampelos striatula (Haw.) Klopper & Gideon F.Sm., 2013",1,,,,cas1,Update cd_ref no changes for attributes and medium,update cd_ref
Animalia,Arthropodes,Insectes,445260,"[445260, 971766]","Chorthippus vagans vagans (Eversmann, 1848)",2,971766,"[445260, 971766]","Gomphocerippus vagans vagans (Eversmann, 1848)",2,,,8,cas1,Update cd_ref no changes for attributes and medium,update cd_ref
Fungi,Ascomycètes,Lichens,660093,[660093],"Caloplaca placidia (A.Massal.) J.Steiner, 1916",1,1044225,[660093],"Variospora placidia (A.Massal.) Cl.Roux, 2022",1,,,1,cas1,Update cd_ref no changes for attributes and medium,update cd_ref
Fungi,Ascomycètes,Lichens,658690,[658690],"Toninia athallina (Hepp) Timdal, 1991",1,57313,[658690],"Kiliasia athallina (Hepp) Hafellner, 1984",1,,,,cas1,Update cd_ref no changes for attributes and medium,update cd_ref
Fungi,Basidiomycètes,Autres,852882,[852882],"Steccherinum ochraceum (Pers. ex J.F.Gmel.) Gray, 1821",1,1046452,[852882],"Irpex ochraceus (Pers.ex J.F.Gmel.) Kotir. & Saaren., 2002",1,,,2,cas1,Update cd_ref no changes for attributes and medium,update cd_ref
Plantae,Trachéophytes,Angiospermes,124415,[124415],"Sparganium oocarpum (Čelak.) Fritsch, 1909",1,141335,[124415],"Sparganium erectum subsp. oocarpum (Čelak.) Domin, 1935",1,,,3,cas1,Update cd_ref no changes for attributes and medium,update cd_ref
Fungi,Ascomycètes,Lichens,59333,[59333],"Caloplaca variabilis (Pers.) Müll.Arg., 1862",1,1043531,[59333],"Pyrenodesmia variabilis (Pers.) A.Massal., 1852",1,,,,cas1,Update cd_ref no changes for attributes and medium,update cd_ref
Plantae,Trachéophytes,Angiospermes,98958,[98958],"Freesia alba (G.L.Mey.) Gumbl., 1896",1,1051105,[98958],"Freesia leichtlinii subsp. alba (G.L.Mey.) J.C.Manning & Goldblatt, 2010",1,,,1,cas1,Update cd_ref no changes for attributes and medium,update cd_ref
Fungi,Ascomycètes,Lichens,57794,[57794],"Cladonia cervicornis subsp. verticillata (Hoffm.) Ahti, 1980",1,664547,[57794],"Cladonia verticillata (Hoffm.) Schaer., 1823",1,,,,cas1,Update cd_ref no changes for attributes and medium,update cd_ref
Animalia,Arthropodes,Insectes,66136,[66136],"Chorthippus mollis (Charpentier, 1825)",1,971800,[66136],"Gomphocerippus mollis (Charpentier, 1825)",1,,,,cas1,Update cd_ref no changes for attributes and medium,update cd_ref
Plantae,Trachéophytes,Angiospermes,116450,[116450],"Pulsatilla montana (Hoppe) Rchb., 1832",1,139520,[116450],"Pulsatilla pratensis subsp. montana (Hoppe) Nyman, 1878",1,,,1,cas1,Update cd_ref no changes for attributes and medium,update cd_ref
Animalia,Arthropodes,Insectes,896789,[896789],"Sphaleroptera alpicolana (Frölich, 1830)",1,814552,[896789],"Sphaleroptera occidentana Whitebread, 2006",1,,,,cas1,Update cd_ref no changes for attributes and medium,update cd_ref
Fungi,Basidiomycètes,Autres,36423,[36423],"Inocybe maculata Boud., 1885",1,1043639,[36423],"Inosperma maculatum (Boud.) Matheny & Esteve-Rav., 2019",1,,,1,cas1,Update cd_ref no changes for attributes and medium,update cd_ref
Animalia,Arthropodes,Insectes,1030259,"[66073, 1030259]","Arcyptera brevipennis kheili Azam, 1900",2,66073,"[66073, 1030259]","Arcyptera kheili Azam, 1900",2,,,5,cas1,Update cd_ref no changes for attributes and medium,update cd_ref
Fungi,Ascomycètes,Lichens,659438,[659438],"Lichenostigma rugosum G.Thor, 1985",1,954506,[659438],"Lichenothelia rugosa (G.Thor) Ertz & Diederich, 2014",1,,,,cas1,Update cd_ref no changes for attributes and medium,update cd_ref
Fungi,Ascomycètes,Lichens,660736,[660736],Xanthoparmelia pulla var. glabrans (Nyl.),1,660898,[660736],"Xanthoparmelia glabrans (Nyl.) O.Blanco, A.Crespo, Elix, D.Hawksw. & Lumbsch, 2004",1,,,,cas1,Update cd_ref no changes for attributes and medium,update cd_ref
Fungi,Ascomycètes,Lichens,913224,[913224],"Myriolecis albescens (Hoffm.) Śliwa, Zhao Xin & Lumbsch, 2015",1,979738,[913224],"Polyozosia albescens (Hoffm.) S.Y.Kondr., Lőkös & Farkas, 2019",1,,,,cas1,Update cd_ref no changes for attributes and medium,update cd_ref
Plantae,Trachéophytes,Angiospermes,718423,[718423],"Thesium linophyllon subsp. linophyllon L., 1753",1,126305,[718423],"Thesium linophyllon L., 1753",1,,,,cas1,Update cd_ref no changes for attributes and medium,update cd_ref
Animalia,Arthropodes,Crustacés,544258,[544258],"Asellus (Asellus) aquaticus (Linnaeus, 1758)",1,18761,[544258],"Asellus aquaticus (Linnaeus, 1758)",1,,,1,cas1,Update cd_ref no changes for attributes and medium,update cd_ref
Fungi,Ascomycètes,Lichens,59587,[59587],"Teloschistes contortuplicatus (Ach.) Clauzade & Rondon, 1962",1,913207,[59587],"Seirophora contortuplicata (Ach.) Frödén, 2004",1,,,,cas1,Update cd_ref no changes for attributes and medium,update cd_ref
Fungi,Ascomycètes,Lichens,658668,[658668],"Trapelia glebulosa (Sm.) J.R.Laundon, 2005",1,1079820,[658668],"Gallowayiopsis glebulosa (Sm.) S.Y.Kondr., 2022",1,,,,cas1,Update cd_ref no changes for attributes and medium,update cd_ref
Plantae,Trachéophytes,Angiospermes,134666,[134666],"Ficaria verna subsp. grandiflora (Robert) Hayek, 1924",1,98649,[134666],"Ficaria grandiflora Robert, 1838",1,,,,cas1,Update cd_ref no changes for attributes and medium,update cd_ref
Fungi,Ascomycètes,Lichens,57969,[57969],"Lasallia pustulata (L.) Mérat, 1821",1,57917,[57969],"Umbilicaria pustulata (L.) Hoffm., 1791",1,,,10,cas1,Update cd_ref no changes for attributes and medium,update cd_ref
Fungi,Ascomycètes,Lichens,58407,[58407],"Aspicilia intermutans (Nyl.) Arnold, 1887",1,1052357,[58407],"Aspiciliella intermutans (Nyl.) M.Choisy, 1932",1,,,4,cas1,Update cd_ref no changes for attributes and medium,update cd_ref
Animalia,Arthropodes,Insectes,66142,[66142],"Chorthippus biguttulus biguttulus (Linnaeus, 1758)",1,971798,[66142],"Gomphocerippus biguttulus biguttulus (Linnaeus, 1758)",1,,,3,cas1,Update cd_ref no changes for attributes and medium,update cd_ref
Plantae,Bryophytes,Mousses,434189,[434189],"Didymodon australasiae (Hook. & Grev.) R.H.Zander, 1978",1,435814,[434189],"Trichostomopsis australasiae (Hook. & Grev.) H.Rob., 1970",1,,,,cas1,Update cd_ref no changes for attributes and medium,update cd_ref
Plantae,Trachéophytes,Angiospermes,110427,[110427],"Ophrys marmorata G.Foelsche & W.Foelsche, 1998",1,110712,[110427],"Ophrys subfusca (Rchb.f.) Hausskn., 1899",1,,,1,cas1,Update cd_ref no changes for attributes and medium,update cd_ref
Plantae,Trachéophytes,Angiospermes,122872,[122872],"Serapias x semilingua E.G.Camus, Bergon & A.Camus, 1908",1,122875,[122872],"Serapias x todaroi Tineo, 1846",1,,,,cas1,Update cd_ref no changes for attributes and medium,update cd_ref
Animalia,Arthropodes,Insectes,66240,[66240],"Bohemanella frigida (Boheman, 1846)",1,66239,[66240],"Melanoplus frigidus (Boheman, 1846)",1,,,2,cas1,Update cd_ref no changes for attributes and medium,update cd_ref
Plantae,Trachéophytes,Angiospermes,139772,[139772],"Ranunculus peltatus subsp. peltatus Schrank, 1789",1,117164,[139772],"Ranunculus peltatus Schrank, 1789",1,,,3,cas1,Update cd_ref no changes for attributes and medium,update cd_ref
Animalia,Arthropodes,Insectes,249847,[249847],"Pardoxia graellsi (Feisthamel, 1837)",1,458357,[249847],"Pardoxia graellsii (Feisthamel, 1837)",1,,,,cas1,Update cd_ref no changes for attributes and medium,update cd_ref
Animalia,Mollusques,Gastéropodes,163098,[163098],"Discus rotundatus rotundatus (O.F. Müller, 1774)",1,1044195,[163098],"Gonyodiscus rotundatus rotundatus (O.F. Müller, 1774)",1,,,6,cas1,Update cd_ref no changes for attributes and medium,update cd_ref
Fungi,Ascomycètes,Lichens,660303,[660303],Aspicilia coronata (A.Massal.) Anzi,1,1049672,[660303],"Circinaria coronata (A.Massal.) Wirth, Hauck & M.Schultz, 2013",1,,,,cas1,Update cd_ref no changes for attributes and medium,update cd_ref
Plantae,Trachéophytes,Angiospermes,130802,[130802],"Aconitum variegatum subsp. paniculatum (Arcang.) Negodi, 1944",1,130762,[130802],"Aconitum degenii subsp. paniculatum (Arcang.) Mucher, 1993",1,,,4,cas1,Update cd_ref no changes for attributes and medium,update cd_ref
Animalia,Arthropodes,Insectes,66149,[66149],"Chorthippus saulcyi (Krauss, 1888)",1,971809,[66149],"Gomphocerippus saulcyi (Krauss, 1888)",1,,,,cas1,Update cd_ref no changes for attributes and medium,update cd_ref
Plantae,Trachéophytes,Angiospermes,969593,[969593],Vitis riparia x Vitis vinifera ,1,1078349,[969593],"Vitis x bacoi Ardenghi, Galasso & Banfi, 2015",1,,,,cas1,Update cd_ref no changes for attributes and medium,update cd_ref
Animalia,Arthropodes,Insectes,20219,[20219],"Aedes detritus (Haliday, 1833)",1,225113,[20219],"Ochlerotatus detritus (Haliday, 1833)",1,,,,cas1,Update cd_ref no changes for attributes and medium,update cd_ref
Plantae,Bryophytes,Mousses,5289,[5289],"Didymodon luridus Hornsch., 1827",1,1078938,[5289],"Geheebia lurida (Hornsch. ex Spreng.) J.A.Jiménez & M.J.Cano, 2021",1,,,4,cas1,Update cd_ref no changes for attributes and medium,update cd_ref
Animalia,Arthropodes,Insectes,241105,[241105],"Tibicina tomentosa (Olivier, 1791)",1,241103,[241105],"Tibicina picta (Fabricius, 1794)",1,,,1,cas1,Update cd_ref no changes for attributes and medium,update cd_ref
Plantae,Trachéophytes,Angiospermes,81605,[81605],"Aloe x principis (Haw.) Stearn, 1938",1,1049898,[81605],"Aloe x caesia Salm-Dyck, 1817",1,,,,cas1,Update cd_ref no changes for attributes and medium,update cd_ref
Plantae,Trachéophytes,Angiospermes,139770,[139770],"Ranunculus peltatus subsp. baudotii (Godr.) Meikle ex C.D.K.Cook, 1984",1,116941,[139770],"Ranunculus baudotii Godr., 1840",1,,,,cas1,Update cd_ref no changes for attributes and medium,update cd_ref
Fungi,Basidiomycètes,Autres,41408,[41408],"Antrodia albida (Fr.) Donk, 1966",1,41415,[41408],"Antrodia heteromorpha (Fr.) Donk, 1966",1,,,,cas1,Update cd_ref no changes for attributes and medium,update cd_ref
Fungi,Basidiomycètes,Autres,995415,[995415],"Clitocella mundula (Lasch) Kluting, T.J.Baroni & Bergemann, 2014",1,1046185,[995415],"Lulesia mundula (Lasch) T.J.Baroni, N.Niveiro & B.E.Lechner, 2023",1,,,2,cas1,Update cd_ref no changes for attributes and medium,update cd_ref
Fungi,Ascomycètes,Lichens,59528,[59528],"Caloplaca marina (Wedd.) Zahlbr., 1921",1,977873,[59528],"Flavoplaca marina (Wedd.) Arup, Frödén & Søchting, 2013",1,,,,cas1,Update cd_ref no changes for attributes and medium,update cd_ref
Plantae,Trachéophytes,Angiospermes,104362,[104362],"Juncus trifidus L., 1753",1,1051137,[104362],"Oreojuncus trifidus (L.) Záv.Drábk. & Kirschner, 2013",1,,,7,cas1,Update cd_ref no changes for attributes and medium,update cd_ref
Plantae,Trachéophytes,Angiospermes,110495,[110495],"Ophrys vetula Risso, 1844",1,1053574,[110495],"Ophrys scolopax subsp. vetula (Risso) Kreutz, 2004",1,,,5,cas1,Update cd_ref no changes for attributes and medium,update cd_ref
Fungi,Ascomycètes,Lichens,58587,[58587],"Lecanora bandolensis B.de Lesd., 1954",1,1044381,[58587],"Polyozosia bandolensis (B.de Lesd.) S.Y.Kondr., Lőkös & Farkas, 2020",1,,,,cas1,Update cd_ref no changes for attributes and medium,update cd_ref
Fungi,Ascomycètes,Lichens,59589,[59589],"Teloschistes villosus (Ach.) Norman, 1852",1,667129,[59589],"Seirophora villosa (Ach.) Frödén, 2004",1,,,,cas1,Update cd_ref no changes for attributes and medium,update cd_ref
Animalia,Arthropodes,Insectes,245419,[245419],"Nemapogon falstriella (A. Bang-Haas, 1881)",1,1050330,[245419],"Nemapogon falstriellus (A. Bang-Haas, 1881)",1,,,,cas1,Update cd_ref no changes for attributes and medium,update cd_ref
Plantae,Trachéophytes,Gymnospermes,789304,[789304],"Pinus brutia subsp. eldarica (Medw.) Nahal, 1962",1,718750,[789304],"Pinus brutia var. eldarica (Medw.) Silba, 1985",1,,,,cas1,Update cd_ref no changes for attributes and medium,update cd_ref
Fungi,Ascomycètes,Lichens,59408,[59408],"Caloplaca holocarpa (Hoffm.) A.E.Wade, 1965",1,913197,[59408],"Athallia holocarpa (Hoffm.) Arup, Frödén & Søchting, 2013",1,,,,cas1,Update cd_ref no changes for attributes and medium,update cd_ref
Fungi,Ascomycètes,Lichens,58263,[58263],"Pertusaria excludens Nyl., 1885",1,1042774,[58263],"Lepra excludens (Nyl.) Hafellner, 2016",1,,,,cas1,Update cd_ref no changes for attributes and medium,update cd_ref
Plantae,Trachéophytes,Angiospermes,113321,[113321],"Physalis alkekengi L., 1753",1,81291,[113321],"Alkekengi officinarum Moench, 1802",1,,,4,cas1,Update cd_ref no changes for attributes and medium,update cd_ref
Animalia,Arthropodes,Arachnides,886853,[886853],"Typhlonesticus morisii (Brignoli, 1975)",1,1042727,[886853],"Typhlonesticus angelicus Isaia & Ribera, 2023",1,,,,cas1,Update cd_ref no changes for attributes and medium,update cd_ref
Animalia,Arthropodes,Insectes,241107,[241107],"Stictocephala bisonia Kopp & Yonke, 1977",1,1047140,[241107],"Stictocephala alta (Walker, 1851)",1,,,4,cas1,Update cd_ref no changes for attributes and medium,update cd_ref
Fungi,Ascomycètes,Lichens,660132,[660132],"Caloplaca coronata (Kremp. ex Körb.) J.Steiner, 1919",1,977754,[660132],"Flavoplaca coronata (Kremp.ex Körb.) Arup, Frödén & Søchting, 2013",1,,,,cas1,Update cd_ref no changes for attributes and medium,update cd_ref
Fungi,Ascomycètes,Lichens,659543,[659543],"Lecidea verrucariae Nyl., 1868",1,1048600,[659543],"Toninia verrucariae (Nyl.) Timdal, 1992",1,,,,cas1,Update cd_ref no changes for attributes and medium,update cd_ref
Fungi,Ascomycètes,Lichens,55912,[55912],"Ramonia chrysophaea (Pers.) Vězda, 1966",1,1078611,[55912],"Karstenia chrysophaea (Pers.) Coppins, Aptroot & P.F.Cannon, 2024",1,,,,cas1,Update cd_ref no changes for attributes and medium,update cd_ref
Plantae,Trachéophytes,Angiospermes,95823,[95823],"Egeria densa Planch., 1849",1,161057,[95823],"Elodea densa (Planch.) Casp., 1857",1,,,5,cas1,Update cd_ref no changes for attributes and medium,update cd_ref
Animalia,Mollusques,Gastéropodes,163154,[163154],"Nesovitrea hammonis (Strøm, 1765)",1,791731,[163154],"Perpolita hammonis (Strøm, 1765)",1,,,4,cas1,Update cd_ref no changes for attributes and medium,update cd_ref
Animalia,Arthropodes,Arachnides,220240,[220240],"Chthonius vachoni Heurtault-Rossi, 1963",1,1053590,[220240],"Ephippiochthonius vachoni (Heurtault-Rossi, 1963)",1,,,,cas1,Update cd_ref no changes for attributes and medium,update cd_ref
Fungi,Ascomycètes,Lichens,59388,[59388],"Caloplaca necator Poelt & Clauzade, 1958",1,1042132,[59388],"Athallia necator (Poelt & Clauzade) Vondrák, Halıcı, Güllü & Demirel, 2016",1,,,,cas1,Update cd_ref no changes for attributes and medium,update cd_ref
Fungi,Ascomycètes,Lichens,659623,[659623],"Lecanora persimilis (Th.Fr.) Arnold, 1872",1,983040,[659623],"Polyozosia persimilis (Th.Fr.) S.Y.Kondr., Lőkös & Farkas, 2020",1,,,,cas1,Update cd_ref no changes for attributes and medium,update cd_ref
Animalia,Arthropodes,Insectes,66140,"[66140, 971792]","Chorthippus brunneus brunneus (Thunberg, 1815)",2,971792,"[66140, 971792]","Gomphocerippus brunneus brunneus (Thunberg, 1815)",2,,,2,cas1,Update cd_ref no changes for attributes and medium,update cd_ref
Fungi,Ascomycètes,Lichens,660125,[660125],"Caloplaca diphyodes (Nyl.) Jatta, 1900",1,1046058,[660125],"Kuettlingeria diphyodes (Nyl.) Frolov & Vondrák, 2020",1,,,,cas1,Update cd_ref no changes for attributes and medium,update cd_ref
Animalia,Arthropodes,Insectes,239560,[239560],"Bombus wurflenii Radoszkowski, 1859",1,407156,[239560],"Bombus mastrucatus Gerstäcker, 1869",1,,,,cas1,Update cd_ref no changes for attributes and medium,update cd_ref
Fungi,Ascomycètes,Lichens,55637,[55637],"Arthonia dispersa (Schrad.) Nyl., 1861",1,992763,[55637],"Naevia dispersa (Schrad.) Thiyagaraja, Lücking & K.D.Hyde, 2020",1,,,,cas1,Update cd_ref no changes for attributes and medium,update cd_ref
Plantae,Trachéophytes,Angiospermes,131756,[131756],"Asparagus officinalis subsp. officinalis L., 1753",1,84279,[131756],"Asparagus officinalis L., 1753",1,,,3,cas1,Update cd_ref no changes for attributes and medium,update cd_ref
Animalia,Arthropodes,Insectes,318860,[318860],"Chorthippus cialancensis Nadig, 1986",1,971788,[318860],"Gomphocerippus cialancensis (Nadig, 1986)",1,,,,cas1,Update cd_ref no changes for attributes and medium,update cd_ref
Fungi,Ascomycètes,Lichens,59356,[59356],"Caloplaca citrina (Hoffm.) Th.Fr., 1861",1,977748,[59356],"Flavoplaca citrina (Hoffm.) Arup, Frödén & Søchting, 2013",1,,,,cas1,Update cd_ref no changes for attributes and medium,update cd_ref
Plantae,Trachéophytes,Angiospermes,162252,[162252],"Anacamptis x gennarii (Rchb.f.) H.Kretzschmar, Eccarius & H.Dietr., 2007",1,1054113,[162252],"Anacamptis x nicodemi nothosubsp. nicodemi (Cirillo ex Ten.) B.Bock, 2012",1,,,1,cas1,Update cd_ref no changes for attributes and medium,update cd_ref
Plantae,Trachéophytes,Angiospermes,969588,[969588],Vitis berlandieri x Vitis rupestris ,1,1078346,[969588],"Vitis x ruggerii Ardenghi, Galasso, Banfi & Lastrucci, 2014",1,,,,cas1,Update cd_ref no changes for attributes and medium,update cd_ref
Fungi,Ascomycètes,Lichens,659911,[659911],"Dactylospora parellaria (Nyl.) Arnold, 1877",1,978664,[659911],"Sclerococcum parellarium (Nyl.) Ertz & Diederich, 2018",1,,,,cas1,Update cd_ref no changes for attributes and medium,update cd_ref
Fungi,Ascomycètes,Lichens,59313,[59313],"Fulgensia fulgida (Nyl.) Szatala, 1938",1,979203,[59313],"Gyalolechia fulgida (Nyl.) Søchting, Frödén & Arup, 2013",1,,,2,cas1,Update cd_ref no changes for attributes and medium,update cd_ref
Fungi,Ascomycètes,Lichens,977139,[977139],"Circinaria contorta (Hoffm.) A.Nordin, Savić & Tibell, 2010",1,58428,[977139],"Aspicilia contorta (Hoffm.) Körb., 1855",1,,,1,cas1,Update cd_ref no changes for attributes and medium,update cd_ref
Fungi,Ascomycètes,Lichens,58693,[58693],"Squamarina gypsacea (Sm.) Poelt, 1958",1,1053209,[58693],"Squamarina subcetrarioides (Zahlbr.) Y.Y.Zhang, 2023",1,,,5,cas1,Update cd_ref no changes for attributes and medium,update cd_ref
Fungi,Ascomycètes,Autres,659314,[659314],Mycoporum antecellans (Nyl.) R. C. Harris,1,1052176,[659314],"Mycoporum antecellens (Nyl.) R.C.Harris, 1995",1,,,,cas1,Update cd_ref no changes for attributes and medium,update cd_ref
Fungi,Ascomycètes,Lichens,59352,[59352],"Caloplaca ochracea (Schaer.) Flagey, 1886",1,666589,[59352],"Xanthocarpia ochracea (Schaer.) A.Massal. & De Not., 1853",1,,,2,cas1,Update cd_ref no changes for attributes and medium,update cd_ref
Animalia,Arthropodes,Insectes,610431,[610431],"Parnassius mnemosyne ceuzensis Eisner, 1957",1,1042431,[610431],"Parnassius turatii ceuzensis Eisner, 1957",1,,,,cas1,Update cd_ref no changes for attributes and medium,update cd_ref
Plantae,Trachéophytes,Angiospermes,110392,[110392],"Ophrys fuciflora (F.W.Schmidt) Moench, 1802",1,110405,[110392],"Ophrys holosericea (Burm.f.) Greuter, 1967",1,,,8,cas1,Update cd_ref no changes for attributes and medium,update cd_ref
Plantae,Trachéophytes,Angiospermes,161239,[161239],"Delphinium orientale J.Gay, 1840",1,94584,[161239],"Delphinium hispanicum Willk. ex Costa, 1873",1,,,2,cas1,Update cd_ref no changes for attributes and medium,update cd_ref
Fungi,Ascomycètes,Lichens,59563,[59563],"Xanthoria resendei Poelt & Tav., 1968",1,1042848,[59563],"Martinjahnsia resendei (Poelt & Tav.) S.Y.Kondr., Fedorenko, S.Stenroos, Kärnefelt, Elix, Hur & A.Thell, 2012",1,,,,cas1,Update cd_ref no changes for attributes and medium,update cd_ref
Fungi,Ascomycètes,Lichens,660120,[660120],"Caloplaca flavocitrina (Nyl.) H.Olivier, 1909",1,977794,[660120],"Flavoplaca flavocitrina (Nyl.) Arup, Frödén & Søchting, 2013",1,,,,cas1,Update cd_ref no changes for attributes and medium,update cd_ref
Plantae,Trachéophytes,Angiospermes,608842,[608842],"Anacamptis x darcissii (Murr ex Dalla Torre & Sarnth.) B.Bock, 2012",1,1054323,[608842],"Anacamptis x olida nothosubsp. darcissii (Murr ex Dalla Torre & Sarnth.) J.M.H.Shaw, 2017",1,,,,cas1,Update cd_ref no changes for attributes and medium,update cd_ref
Plantae,Bryophytes,Mousses,434195,[434195],"Didymodon johansenii (R.S.Williams) H.A.Crum, 1969",1,1078944,[434195],"Husnotiella johansenii (R.S.Williams) J.A.Jiménez & M.J.Cano, 2021",1,,,,cas1,Update cd_ref no changes for attributes and medium,update cd_ref
Fungi,Ascomycètes,Lichens,977715,[977715],"Usnochroma carphineum (Fr.) Søchting, Arup & Frödén, 2013",1,1044173,[977715],"Usnochroma carphinea (Fr.) Søchting, Arup & Frödén, 2013",1,,,,cas1,Update cd_ref no changes for attributes and medium,update cd_ref
Plantae,Trachéophytes,Ptéridophytes,113548,[113548],"Pilularia minuta Durieu, 1838",1,1045960,[113548],"Pilularia minuta Durieu ex A.Braun, 1864",1,,,2,cas1,Update cd_ref no changes for attributes and medium,update cd_ref
Plantae,Trachéophytes,Angiospermes,141648,[141648],"Thesium linophyllon subsp. montanum (Ehrh. ex Hoffm.) Čelak., 1871",1,126289,[141648],"Thesium bavarum Schrank, 1786",1,,,,cas1,Update cd_ref no changes for attributes and medium,update cd_ref
Fungi,Basidiomycètes,Autres,36237,[36237],"Inocybe arenicola (R.Heim) Bon, 1983",1,1043686,[36237],"Pseudosperma arenicola (R.Heim) Matheny & Esteve-Rav., 2019",1,,,,cas1,Update cd_ref no changes for attributes and medium,update cd_ref
Fungi,Ascomycètes,Autres,47895,[47895],"Hyaloscypha aureliella (Nyl.) Huhtinen, 1990",1,1043376,[47895],"Eupezizella aureliella (P.Karst.) T.Kosonen, Huhtinen & K.Hansen, 2020",1,,,1,cas1,Update cd_ref no changes for attributes and medium,update cd_ref
Fungi,Ascomycètes,Lichens,660566,[660566],Xanthoparmelia pulla subsp. luteonotata (J. Steiner),1,660896,[660566],"Xanthoparmelia luteonotata (J.Steiner) O.Blanco, A.Crespo, Elix, D.Hawksw. & Lumbsch, 2004",1,,,,cas1,Update cd_ref no changes for attributes and medium,update cd_ref
Fungi,Basidiomycètes,Autres,34652,[34652],"Inocybe pisciodora Donadini & Riousset, 1975",1,1043642,[34652],"Inosperma pisciodorum (Donadini & Riousset) Matheny & Esteve-Rav., 2019",1,,,,cas1,Update cd_ref no changes for attributes and medium,update cd_ref
Fungi,Ascomycètes,Lichens,59530,[59530],"Caloplaca inconnexa (Nyl.) Zahlbr., 1930",1,1041785,[59530],"Athallia inconnexa (Nyl.) S.Y.Kondr. & L.Lokos, 2018",1,,,,cas1,Update cd_ref no changes for attributes and medium,update cd_ref
Fungi,Ascomycètes,Lichens,59490,[59490],"Caloplaca atroflava (Turner) Mong., 1914",1,1042593,[59490],"Kuettlingeria atroflava (Turner) I.V.Frolov, Vondrák & Arup, 2020",1,,,,cas1,Update cd_ref no changes for attributes and medium,update cd_ref
Fungi,Basidiomycètes,Autres,988075,[988075],"Tricholoma impolitum (Lasch) P.Kumm., 1871",1,33219,[988075],"Tricholoma columbetta (Fr.) P.Kumm., 1871",1,,,,cas1,Update cd_ref no changes for attributes and medium,update cd_ref
Fungi,Ascomycètes,Lichens,58225,[58225],"Pertusaria hemisphaerica (Flörke) Erichsen, 1932",1,980979,[58225],"Varicellaria hemisphaerica (Flörke) I.Schmitt & Lumbsch, 2012",1,,,,cas1,Update cd_ref no changes for attributes and medium,update cd_ref
Plantae,Bryophytes,Mousses,903834,[903834],"Didymodon tophaceus subsp. sicculus (M.J.Cano, Ros, García-Zam. & J.Guerra) Jan Kučera, 2018",1,1078940,[903834],"Geheebia siccula (M.J.Cano, Ros, García-Zam. & J.Guerra) J.A.Jiménez & M.J.Cano, 2021",1,,,,cas1,Update cd_ref no changes for attributes and medium,update cd_ref
Animalia,Arthropodes,Insectes,929595,[929595],"Titanio ledereri (Staudinger, 1870)",1,782843,[929595],"Cleptotypodes ledereri (Staudinger, 1870)",1,,,,cas1,Update cd_ref no changes for attributes and medium,update cd_ref
Fungi,Ascomycètes,Lichens,59312,[59312],"Fulgensia fulgens (Sw.) Elenkin, 1907",1,979201,[59312],"Gyalolechia fulgens (Sw.) Søchting, Frödén & Arup, 2013",1,,,4,cas1,Update cd_ref no changes for attributes and medium,update cd_ref
Fungi,Ascomycètes,Lichens,660360,[660360],"Arthonia lapidicola (Taylor) Branth & Rostr., 1869",1,1042036,[660360],"Bryostigma lapidicola (Taylor) S.Y.Kondr. & Hur, 2020",1,,,,cas1,Update cd_ref no changes for attributes and medium,update cd_ref
Plantae,Trachéophytes,Angiospermes,618651,[618651],"Aconitum napellus subsp. burnatii (Gáyer) J.-M.Tison, 2010",1,80009,[618651],"Aconitum burnatii Gáyer, 1909",1,,,,cas1,Update cd_ref no changes for attributes and medium,update cd_ref
Fungi,Ascomycètes,Lichens,660094,[660094],"Caloplaca pellodella (Nyl.) Hasse, 1913",1,59390,[660094],"Caloplaca conglomerata (Bagl.) Jatta, 1900",1,,,,cas1,Update cd_ref no changes for attributes and medium,update cd_ref
Fungi,Ascomycètes,Lichens,57465,[57465],"Toninia candida (Weber) Th.Fr., 1867",1,666508,[57465],"Thalloidima candidum (Weber) A.Massal., 1852",1,,,1,cas1,Update cd_ref no changes for attributes and medium,update cd_ref
Fungi,Ascomycètes,Lichens,56409,[56409],"Collema ligerinum (Hy) Harm., 1905",1,978492,[56409],"Enchylium ligerinum (Hy) Otálora, P.M.Jørg. & Wedin, 2013",1,,,,cas1,Update cd_ref no changes for attributes and medium,update cd_ref
Plantae,Trachéophytes,Angiospermes,112739,[112739],"Persicaria hydropiper (L.) Spach, 1841",1,112738,[112739],"Persicaria hydropiper (L.) Delarbre, 1800",1,,,6,cas1,Update cd_ref no changes for attributes and medium,update cd_ref
Animalia,Arthropodes,Insectes,66144,[66144],"Chorthippus eisentrauti (Ramme, 1931)",1,971799,[66144],"Gomphocerippus eisentrauti (Ramme, 1931)",1,,,2,cas1,Update cd_ref no changes for attributes and medium,update cd_ref
Plantae,Bryophytes,Mousses,5295,[5295],"Didymodon sinuosus (Mitt.) Delogne, 1873",1,1078945,[5295],"Husnotiella sinuosa (Mitt.) J.A.Jiménez & M.J.Cano, 2021",1,,,3,cas1,Update cd_ref no changes for attributes and medium,update cd_ref
Fungi,Ascomycètes,Lichens,59636,[59636],"Buellia badia (Fr.) A.Massal., 1853",1,666938,[59636],"Monerolechia badia (Fr.) Kalb, 2004",1,,,3,cas1,Update cd_ref no changes for attributes and medium,update cd_ref
Animalia,Arthropodes,Insectes,66141,"[66141, 913804]","Chorthippus biguttulus (Linnaeus, 1758)",2,913804,"[66141, 913804]","Gomphocerippus biguttulus (Linnaeus, 1758)",2,,,,cas1,Update cd_ref no changes for attributes and medium,update cd_ref
Animalia,Arthropodes,Insectes,426091,[426091],"Chorthippus sampeyrensis Nadig, 1986",1,971789,[426091],"Gomphocerippus sampeyrensis (Nadig, 1986)",1,,,,cas1,Update cd_ref no changes for attributes and medium,update cd_ref
Animalia,Arthropodes,Insectes,66134,"[66134, 971768]","Chorthippus vagans (Eversmann, 1848)",2,971768,"[66134, 971768]","Gomphocerippus vagans (Eversmann, 1848)",2,,,1,cas1,Update cd_ref no changes for attributes and medium,update cd_ref
Plantae,Trachéophytes,Angiospermes,124414,[124414],"Sparganium neglectum Beeby, 1885",1,141334,[124414],"Sparganium erectum subsp. neglectum (Beeby) K.Richt., 1890",1,,,2,cas1,Update cd_ref no changes for attributes and medium,update cd_ref
Fungi,Ascomycètes,Lichens,659176,[659176],"Phaeosporobolus alpinus R.Sant., Alstrup & D.Hawksw., 1990",1,1048215,[659176],"Lichenostigma alpinum (R.Sant., Alstrup & D.Hawksw.) Ertz & Diederich, 2014",1,,,,cas1,Update cd_ref no changes for attributes and medium,update cd_ref
Fungi,Ascomycètes,Lichens,59494,[59494],"Caloplaca arenaria (Pers.) Müll.Arg., 1862",1,977689,[59494],"Rufoplaca arenaria (Pers.) Arup, Søchting & Frödén, 2013",1,,,,cas1,Update cd_ref no changes for attributes and medium,update cd_ref
Fungi,Ascomycètes,Lichens,660015,[660015],"Flavocetraria cucullata (Bellardi) Kärnefelt & A.Thell, 1994",1,979188,[660015],"Nephromopsis cucullata (Bellardi) Divakar, A.Crespo & Lumbsch, 2017",1,,,,cas1,Update cd_ref no changes for attributes and medium,update cd_ref
Animalia,Arthropodes,Insectes,20221,[20221],"Aedes dorsalis (Meigen, 1830)",1,225115,[20221],"Ochlerotatus dorsalis (Meigen, 1830)",1,,,,cas1,Update cd_ref no changes for attributes and medium,update cd_ref
Animalia,Arthropodes,Insectes,66138,"[66138, 971791]","Chorthippus brunneus (Thunberg, 1815)",2,971791,"[66138, 971791]","Gomphocerippus brunneus (Thunberg, 1815)",2,,,1,cas1,Update cd_ref no changes for attributes and medium,update cd_ref
Fungi,Ascomycètes,Lichens,55480,[55480],"Strigula affinis (A.Massal.) R.C.Harris, 1980",1,1044124,[55480],"Swinscowia affinis (A.Massal.) S.H.Jiang, Lücking & Sérus., 2020",1,,,,cas1,Update cd_ref no changes for attributes and medium,update cd_ref
Plantae,Trachéophytes,Angiospermes,161772,[161772],"Charybdis maritima (L.) Speta, 1998",1,124733,[161772],"Squilla maritima (L.) Steinh., 1836",1,,,,cas1,Update cd_ref no changes for attributes and medium,update cd_ref
Animalia,Arthropodes,Insectes,409399,[409399],"Otiorhynchus lugdunensis Boheman, 1842",1,11810,[409399],"Otiorhynchus clavipes (Bondsorff, 1785)",1,,,,cas1,Update cd_ref no changes for attributes and medium,update cd_ref
Fungi,Ascomycètes,Lichens,660131,[660131],"Caloplaca crenulatella (Nyl.) H.Olivier, 1909",1,977764,[660131],"Xanthocarpia crenulatella (Nyl.) Frödén, Arup & Søchting, 2013",1,,,,cas1,Update cd_ref no changes for attributes and medium,update cd_ref
Fungi,Ascomycètes,Lichens,55658,[55658],"Arthonia spadicea Leight., 1854",1,1042322,[55658],"Diarthonis spadicea (Leight.) Frisch, Ertz, Coppins & P.F.Cannon, 2020",1,,,,cas1,Update cd_ref no changes for attributes and medium,update cd_ref
Animalia,Arthropodes,Arachnides,267122,[267122],"Chthonius nanus Beier, 1953",1,1053564,[267122],"Ephippiochthonius nanus (Beier, 1953)",1,,,,cas1,Update cd_ref no changes for attributes and medium,update cd_ref
Plantae,Trachéophytes,Angiospermes,93307,[93307],"Cruciata glabra (L.) Ehrend., 1958",1,1077336,[93307],"Cruciata glabra (L.) Opiz, 1852",1,,,4,cas1,Update cd_ref no changes for attributes and medium,update cd_ref
Animalia,Mollusques,Gastéropodes,163389,[163389],"Pseudotachea splendida (Draparnaud, 1801)",1,1049231,[163389],"Iberus splendidus (Draparnaud, 1801)",1,,,2,cas1,Update cd_ref no changes for attributes and medium,update cd_ref
Fungi,Basidiomycètes,Autres,38169,[38169],"Cystoderma fallax A.H.Sm. & Singer, 1945",1,1043610,[38169],"Cystoderma carcharias var. fallax (A.H.Sm. & Singer) I.Saar, 2009",1,,,,cas1,Update cd_ref no changes for attributes and medium,update cd_ref
Protozoa,Myxomycètes,Autres,51047,[51047],"Physarum bivalve Pers., 1795",1,805933,[51047],"Angioridium sinuosum (Bull.) Grev., 1827",1,,,5,cas1,Update cd_ref no changes for attributes and medium,update cd_ref
Fungi,Ascomycètes,Lichens,660111,[660111],"Caloplaca irrubescens (Arnold) Zahlbr., 1898",1,977858,[660111],"Squamulea subsoluta (Nyl.) Arup, Søchting & Frödén, 2013",1,,,7,cas1,Update cd_ref no changes for attributes and medium,update cd_ref
Plantae,Trachéophytes,Angiospermes,612485,[612485],"Gymnadenia nigra subsp. austriaca (Teppner & E.Klein) Teppner & E.Klein, 1998",1,162145,[612485],"Gymnadenia austriaca (Teppner & E.Klein) P.Delforge, 1998",1,,,1,cas1,Update cd_ref no changes for attributes and medium,update cd_ref
Animalia,Arthropodes,Insectes,231012,[231012],"Blapsidotes vicinus (Gravenhorst, 1829)",1,1052641,[231012],"Gelis vicinus (Gravenhorst, 1829)",1,,,,cas1,Update cd_ref no changes for attributes and medium,update cd_ref
Fungi,Ascomycètes,Lichens,56185,[56185],"Pachyphiale ophiospora Lettau, 1937",1,1042499,[56185],"Gyalecta ophiospora (Lettau) Baloch & Lücking, 2013",1,,,,cas1,Update cd_ref no changes for attributes and medium,update cd_ref
Fungi,Ascomycètes,Lichens,977308,[977308],"Toniniopsis subincompta (Nyl.) Kistenich, Timdal, Bendiksby & S.Ekman, 2018",1,1046334,[977308],"Toniniopsis separabilis (Nyl.) Gerasimova & A.Beck, 2021",1,,,,cas1,Update cd_ref no changes for attributes and medium,update cd_ref
Animalia,Arthropodes,Insectes,239312,[239312],"Andrena avara Warncke, 1967",1,1053795,[239312],"Andrena liturata Warncke, 1974",1,,,,cas1,Update cd_ref no changes for attributes and medium,update cd_ref
Animalia,Arthropodes,Insectes,245824,[245824],"Rhigognostis hufnagelii (Zeller, 1839)",1,1047847,[245824],"Eidophasia hufnagelii (Zeller, 1839)",1,,,,cas1,Update cd_ref no changes for attributes and medium,update cd_ref
Fungi,Ascomycètes,Lichens,56180,[56180],"Pachyphiale fagicola (Arnold) Zwackh, 1862",1,664147,[56180],"Gyalecta fagicola (Arnold) Kremp., 1861",1,,,4,cas1,Update cd_ref no changes for attributes and medium,update cd_ref
Fungi,Basidiomycètes,Autres,464737,[464737],"Inocybe quietiodor Bon, 1976",1,1043641,[464737],"Inosperma quietiodor (Bon) Matheny & Esteve-Rav., 2019",1,,,1,cas1,Update cd_ref no changes for attributes and medium,update cd_ref
Animalia,Arthropodes,Insectes,247753,[247753],"Epermenia aequidentellus (E. Hofmann, 1867)",1,782750,[247753],"Epermenia aequidentella (E. Hofmann, 1867)",1,,,,cas1,Update cd_ref no changes for attributes and medium,update cd_ref
Fungi,Ascomycètes,Lichens,58503,[58503],"Lecanora carpinea (L.) Vain., 1888",1,979717,[58503],"Glaucomaria carpinea (L.) S.Y.Kondr., Lőkös & Farkas, 2019",1,,,3,cas1,Update cd_ref no changes for attributes and medium,update cd_ref
Plantae,Trachéophytes,Angiospermes,131762,[131762],"Asperula aristata subsp. oreophila (Briq.) Hayek, 1924",1,84333,[131762],"Asperula x jordanii E.P.Perrier & Songeon, 1855",1,,,5,cas1,Update cd_ref no changes for attributes and medium,update cd_ref
Animalia,Arthropodes,Insectes,245413,[245413],"Nemapogon variatella (Clemens, 1860)",1,1050338,[245413],"Nemapogon variatellus (Clemens, 1860)",1,,,,cas1,Update cd_ref no changes for attributes and medium,update cd_ref
Fungi,Ascomycètes,Lichens,59559,[59559],"Xanthoria elegans (Link) Th.Fr., 1860",1,1046092,[59559],"Rusavskia elegans (Link) S.Y.Kondr. & Kärnefelt, 2003",1,,,18,cas1,Update cd_ref no changes for attributes and medium,update cd_ref
Fungi,Ascomycètes,Lichens,660103,[660103],"Caloplaca maritima (B.de Lesd.) B.de Lesd., 1953",1,977975,[660103],"Flavoplaca maritima (B.de Lesd.) Arup, Frödén & Søchting, 2013",1,,,,cas1,Update cd_ref no changes for attributes and medium,update cd_ref
Fungi,Ascomycètes,Lichens,660142,[660142],Caloplaca cecericola B. de Lesd.,1,1043982,[660142],"Rufoplaca cecericola (B.de Lesd.) Cl.Roux, 2023",1,,,,cas1,Update cd_ref no changes for attributes and medium,update cd_ref
Fungi,Ascomycètes,Lichens,659251,[659251],"Pachyphiale carneola (Ach.) Arnold, 1871",1,664135,[659251],"Gyalecta carneola (Ach.) Hellb., 1896",1,,,,cas1,Update cd_ref no changes for attributes and medium,update cd_ref
Fungi,Ascomycètes,Lichens,660119,[660119],"Caloplaca flavovirescens (Wulfen) Dalla Torre & Sarnth., 1902",1,977845,[660119],"Gyalolechia flavovirescens (Wulfen) Søchting, Frödén & Arup, 2013",1,,,,cas1,Update cd_ref no changes for attributes and medium,update cd_ref
Fungi,Ascomycètes,Lichens,660257,[660257],"Bacidia viridifarinosa Coppins & P.James, 1992",1,1041571,[660257],"Aquacidia viridifarinosa (Coppins & P.James) Aptroot, 2018",1,,,,cas1,Update cd_ref no changes for attributes and medium,update cd_ref
Animalia,Mollusques,Gastéropodes,64185,[64185],"Arion rufus (Linnaeus, 1758)",1,64177,[64185],"Arion ater rufus (Linnaeus, 1758)",1,,,6,cas1,Update cd_ref no changes for attributes and medium,update cd_ref
Fungi,Basidiomycètes,Autres,36272,[36272],"Inocybe cervicolor (Pers.) Quél., 1886",1,1043650,[36272],"Inosperma cervicolor (Pers.) Matheny & Esteve-Rav., 2019",1,,,1,cas1,Update cd_ref no changes for attributes and medium,update cd_ref
Fungi,Ascomycètes,Lichens,57468,[57468],"Toninia diffracta (A.Massal.) Zahlbr., 1901",1,666507,[57468],"Thalloidima diffractum (A.Massal.) A.Massal., 1853",1,,,,cas1,Update cd_ref no changes for attributes and medium,update cd_ref
Fungi,Ascomycètes,Lichens,658748,[658748],"Strigula ziziphi (A.Massal.) Cl.Roux & Sérus., 2004",1,1042393,[658748],"Dichoporis ziziphi (A.Massal.) S.H.Jiang, Lücking & Sérus., 2020",1,,,,cas1,Update cd_ref no changes for attributes and medium,update cd_ref
Plantae,Trachéophytes,Angiospermes,149992,[149992],"Populus nigra var. italica Du Roi, 1772",1,149993,[149992],"Populus nigra var. italica Münchh., 1770",1,,,,cas1,Update cd_ref no changes for attributes and medium,update cd_ref
Fungi,Basidiomycètes,Autres,30033,[30033],"Cuphophyllus ochraceopallidus (P.D.Orton) Bon, 1985",1,1043532,[30033],"Cuphophyllus virgineus var. ochraceopallidus (P.D.Orton) E.Campo, 2015",1,,,,cas1,Update cd_ref no changes for attributes and medium,update cd_ref
Fungi,Basidiomycètes,Autres,36253,[36253],"Inocybe bongardii (Weinm.) Quél., 1872",1,1043643,[36253],"Inosperma bongardii (Weinm.) Matheny & Esteve-Rav., 2019",1,,,,cas1,Update cd_ref no changes for attributes and medium,update cd_ref
Fungi,Ascomycètes,Lichens,59362,[59362],"Caloplaca flavorubescens (Huds.) J.R.Laundon, 1976",1,977842,[59362],"Gyalolechia flavorubescens (Huds.) Søchting, Frödén & Arup, 2013",1,,,,cas1,Update cd_ref no changes for attributes and medium,update cd_ref
Fungi,Ascomycètes,Lichens,1015156,[1015156],"Caloplaca lecideina (Müll.Arg.) Cl.Roux, 2020",1,1043506,[1015156],"Pyrenodesmia helygeoides (Vain.) Arnold, 1897",1,,,,cas1,Update cd_ref no changes for attributes and medium,update cd_ref
Fungi,Ascomycètes,Autres,56394,[56394],"Collema crispum var. crispum Weber ex F.H.Wigg., 1780",1,953532,[56394],"Blennothallia crispa (Huds.) Otálora, P.M.Jørg. & Wedin, 2013",1,,,,cas1,Update cd_ref no changes for attributes and medium,update cd_ref
Fungi,Ascomycètes,Lichens,660604,[660604],"Cladonia arbuscula subsp. mitis (Sandst.) Ruoss, 1987",1,57674,[660604],"Cladonia mitis Sandst., 1918",1,,,,cas1,Update cd_ref no changes for attributes and medium,update cd_ref
Fungi,Ascomycètes,Lichens,660302,[660302],"Aspicilia cupreoglauca B.de Lesd., 1910",1,1051903,[660302],"Aspiciliella cupreoglauca (B.de Lesd.) Zakeri, Divakar & Otte, 2017",1,,,3,cas1,Update cd_ref no changes for attributes and medium,update cd_ref
Fungi,Ascomycètes,Lichens,56953,[56953],"Hypocenomyce caradocensis (Leight. ex Nyl.) P.James & Gotth.Schneid., 1980",1,979514,[56953],"Xylopsora caradocensis (Leight. ex Nyl.) Bendiksby & Timdal, 2013",1,,,,cas1,Update cd_ref no changes for attributes and medium,update cd_ref
Animalia,Arthropodes,Arachnides,720110,[720110],"Textrix intermedia Wunderlich, 2008",1,1042726,[720110],"Textrix rubrofoliata Pesarini, 1990",1,,,,cas1,Update cd_ref no changes for attributes and medium,update cd_ref
Plantae,Trachéophytes,Angiospermes,717841,[717841],"Pilosella guthnickiana (Hegetschw. & Heer) Soják, 1972",1,1054617,[717841],"Pilosella multiflora (Schleich. ex Gaudin) F.W.Schultz & Sch.Bip., 1865",1,,,3,cas1,Update cd_ref no changes for attributes and medium,update cd_ref
Fungi,Basidiomycètes,Autres,40183,[40183],Battarraea phalloides (Dicks.) Pers.,1,1056071,[40183],"Battarrea phalloides (Dicks.) Pers., 1801",1,,,,cas1,Update cd_ref no changes for attributes and medium,update cd_ref
Plantae,Trachéophytes,Angiospermes,140615,[140615],"Saxifraga cuneifolia subsp. cuneifolia L., 1759",1,121031,[140615],"Saxifraga cuneifolia L., 1759",1,,,2,cas1,Update cd_ref no changes for attributes and medium,update cd_ref
Fungi,Ascomycètes,Lichens,55928,[55928],"Diploschistes ocellatus (Fr.) Norman, 1852",1,987232,[55928],"Xalocoa ocellata (Fr.) Kraichak, Lücking & Lumbsch, 2014",1,,,,cas1,Update cd_ref no changes for attributes and medium,update cd_ref
Fungi,Ascomycètes,Lichens,659202,[659202],"Pertusaria ophthalmiza (Nyl.) Nyl., 1865",1,981005,[659202],"Lepra ophthalmiza (Nyl.) Hafellner, 2016",1,,,,cas1,Update cd_ref no changes for attributes and medium,update cd_ref
Plantae,Trachéophytes,Angiospermes,108866,[108866],"Muscari armeniacum Leichtlin ex Baker, 1878",1,1049354,[108866],"Muscari armeniacum H.J.Veitch., 1872",1,,,4,cas1,Update cd_ref no changes for attributes and medium,update cd_ref
Animalia,Arthropodes,Insectes,340882,[340882],"Nemapogon nevadella (Caradja, 1920)",1,1050334,[340882],"Nemapogon nevadellus (Caradja, 1920)",1,,,,cas1,Update cd_ref no changes for attributes and medium,update cd_ref
Fungi,Ascomycètes,Lichens,58410,[58410],"Aspicilia cupreogrisea (Th.Fr.) Hue, 1912",1,1048866,[58410],"Circinaria cupreogrisea (Th.Fr.) A.Nordin, Savić & Tibell, 2010",1,,,,cas1,Update cd_ref no changes for attributes and medium,update cd_ref
Fungi,Ascomycètes,Lichens,59351,[59351],"Caloplaca concinerascens subsp. cravensis (Clauzade & Wunder) Clauzade & Cl.Roux, 1985",1,1042238,[59351],"Caloplaca cravensis (Clauzade & Wunder) Cl.Roux, 2014",1,,,,cas1,Update cd_ref no changes for attributes and medium,update cd_ref
Animalia,Arthropodes,Insectes,219592,[219592],"Smicromyrme verhoeffi Suárez, 1959",1,1052857,[219592],"Smicromyrme dusmeti (Mercet, 1905)",1,,,,cas1,Update cd_ref no changes for attributes and medium,update cd_ref
Fungi,Ascomycètes,Lichens,660826,[660826],"Verrucaria macrostoma f. furfuracea B.de Lesd., 1949",1,661006,[660826],"Verrucaria furfuracea (B.de Lesd.) Breuss, 2007",1,,,,cas1,Update cd_ref no changes for attributes and medium,update cd_ref
Fungi,Ascomycètes,Lichens,660008,[660008],"Vulpicida pinastri (Scop.) J.-E.Mattsson & M.J.Lai, 1993",1,59030,[660008],"Cetraria pinastri (Scop.) Gray, 1821",1,,,,cas1,Update cd_ref no changes for attributes and medium,update cd_ref
Plantae,Trachéophytes,Angiospermes,81596,[81596],"Aloe mitriformis Mill., 1768",1,81597,[81596],"Aloe perfoliata L., 1753",1,,,,cas1,Update cd_ref no changes for attributes and medium,update cd_ref
Plantae,Bryophytes,Mousses,434190,[434190],Didymodon bistratosus Hébr. & R.B.Pierrot,1,1078950,[434190],"Zanderella purpurea (Müll.Hal.) J.A.Jiménez & M.J.Cano, 2021",1,,,,cas1,Update cd_ref no changes for attributes and medium,update cd_ref
Plantae,Trachéophytes,Angiospermes,110341,[110341],"Ophrys arachnitiformis Gren. & M.Philippe, 1860",1,110479,[110341],"Ophrys splendida Gölz & H.R.Reinhard, 1980",1,,,4,cas1,Update cd_ref no changes for attributes and medium,update cd_ref
Fungi,Ascomycètes,Lichens,59409,[59409],"Caloplaca pyracea (Ach.) Zwackh, 1862",1,913198,[59409],"Athallia pyracea (Ach.) Arup, Frödén & Søchting, 2013",1,,,,cas1,Update cd_ref no changes for attributes and medium,update cd_ref
Plantae,Trachéophytes,Angiospermes,717717,[717717],Vitis riparia x Vitis rupestris ,1,1078348,[717717],"Vitis x instabilis Ardenghi, Galasso, Banfi & Lastrucci, 2014",1,,,,cas1,Update cd_ref no changes for attributes and medium,update cd_ref
Plantae,Trachéophytes,Angiospermes,611189,[611189],"Gymnadenia x chanousiana G.Foelsche & W.Foelsche, 1999",1,100618,[611189],"Gymnadenia x suaveolens (Vill.) Rchb.f., 1856",1,,,,cas1,Update cd_ref no changes for attributes and medium,update cd_ref
Fungi,Ascomycètes,Lichens,54161,[54161],"Synalissa symphorea (Ach.) Nyl., 1857",1,658746,[54161],"Synalissa ramulosa (Hoffm.) Fr., 1825",1,,,2,cas1,Update cd_ref no changes for attributes and medium,update cd_ref
Fungi,Ascomycètes,Lichens,653902,[653902],"Teloschistes chrysophthalmus (L.) Th.Fr., 1861",1,1046208,[653902],"Teloschistes chrysophthalmos (L.) Th.Fr., 1861",1,,,12,cas1,Update cd_ref no changes for attributes and medium,update cd_ref
Plantae,Trachéophytes,Angiospermes,139512,[139512],"Pulsatilla alpina subsp. alpina (L.) Delarbre, 1800",1,1056227,[139512],"Pulsatilla alpina subsp. alpina (L.) Chaz., 1790",1,,,7,cas1,Update cd_ref no changes for attributes and medium,update cd_ref
Fungi,Basidiomycètes,Autres,36539,[36539],"Inocybe terrigena (Fr.) Kuyper, 1985",1,1043675,[36539],"Mallocybe terrigena (Fr.) Matheny, Vizzini & Esteve-Rav., 2019",1,,,,cas1,Update cd_ref no changes for attributes and medium,update cd_ref
Animalia,Arthropodes,Insectes,984651,[984651],"Spinolia segusiana (Giraud, 1863)",1,984652,[984651],"Spinolia lamprosoma (Förster, 1853)",1,,,,cas1,Update cd_ref no changes for attributes and medium,update cd_ref
Animalia,Arthropodes,Insectes,984982,[984982],"Chrysis coeruleiventris Abeille, 1878",1,219094,[984982],"Chrysis caeruliventris Abeille de Perrin, 1878",1,,,,cas1,Update cd_ref no changes for attributes and medium,update cd_ref
Fungi,Ascomycètes,Lichens,660181,[660181],"Buellia fimbriata (Tuck.) Sheard, 1969",1,59692,[660181],"Buellia tesserata Körb., 1860",1,,,,cas1,Update cd_ref no changes for attributes and medium,update cd_ref
Fungi,Ascomycètes,Lichens,844904,[844904],"Caloplaca fuscoatroides J.Steiner, 1919",1,1042601,[844904],"Kuettlingeria fuscoatroides (J.Steiner) I.V.Frolov, Vondrák & Arup, 2020",1,,,,cas1,Update cd_ref no changes for attributes and medium,update cd_ref
Fungi,Ascomycètes,Lichens,660468,[660468],"Caloplaca alnetorum Giralt, Nimis & Poelt, 1992",1,1041750,[660468],"Athallia alnetorum (Giralt, Nimis & Poelt) Arup, Frödén & Søchting, 2013",1,,,,cas1,Update cd_ref no changes for attributes and medium,update cd_ref
Animalia,Arthropodes,Insectes,609941,[609941],"Iberochloe tagis (Hübner, 1804)",1,54437,[609941],"Euchloe tagis (Hübner, 1804)",1,,,1,cas1,Update cd_ref no changes for attributes and medium,update cd_ref
Fungi,Ascomycètes,Lichens,59505,[59505],"Caloplaca ferrarii (Bagl.) Jatta, 1910",1,977783,[59505],"Xanthocarpia ferrarii (Bagl.) Frödén, Arup & Søchting, 2013",1,,,,cas1,Update cd_ref no changes for attributes and medium,update cd_ref
Plantae,Trachéophytes,Angiospermes,674883,[674883],"Zostera noltei Hornem., 1832",1,789156,[674883],"Nanozostera noltei (Hornem.) Toml. & Posl., 2001",1,,,5,cas1,Update cd_ref no changes for attributes and medium,update cd_ref
Plantae,Trachéophytes,Angiospermes,81592,[81592],"Aloe ciliaris Haw., 1825",1,1050086,[81592],"Aloiampelos ciliaris (Haw.) Klopper & Gideon F.Sm., 2013",1,,,,cas1,Update cd_ref no changes for attributes and medium,update cd_ref
Animalia,Arthropodes,Insectes,1027363,[1027363],"Bohemanella frigida frigida (Boheman, 1846)",1,535776,[1027363],"Melanoplus frigidus frigidus (Boheman, 1846)",1,,,2,cas1,Update cd_ref no changes for attributes and medium,update cd_ref
Plantae,Trachéophytes,Angiospermes,521629,[521629],"Epipactis fageticola (C.E.Hermos.) Devillers-Tersch. & Devillers, 1999",1,96468,[521629],"Epipactis phyllanthes G.E.Sm., 1852",1,,,4,cas1,Update cd_ref no changes for attributes and medium,update cd_ref
Animalia,Arthropodes,Insectes,1027360,"[962302, 1027360]","Chorthippus armoricanus (Defaut, 2015)",2,962302,"[962302, 1027360]","Gomphocerippus armoricanus Defaut, 2015",2,,,3,cas1,Update cd_ref no changes for attributes and medium,update cd_ref
Fungi,Ascomycètes,Lichens,660502,[660502],"Caloplaca polycarpa (A.Massal.) Zahlbr., 1919",1,978022,[660502],"Flavoplaca polycarpa (A.Massal.) Arup, Frödén & Søchting, 2013",1,,,,cas1,Update cd_ref no changes for attributes and medium,update cd_ref
Fungi,Ascomycètes,Lichens,660149,[660149],"Caloplaca aractina (Fr.) Häyrén, 1914",1,1044000,[660149],"Sanguineodiscus aractinus (Fr.) I.V.Frolov & Vondrák, 2020",1,,,,cas1,Update cd_ref no changes for attributes and medium,update cd_ref
Protozoa,Myxomycètes,Autres,51247,[51247],"Trichia decipiens (Pers.) T.Macbr., 1899",1,1052960,[51247],"Hemitrichia decipiens (Pers.) García-Cunch., J.C.Zamora & Lado, 2022",1,,,5,cas1,Update cd_ref no changes for attributes and medium,update cd_ref
Fungi,Ascomycètes,Lichens,59407,[59407],"Caloplaca cerinella (Nyl.) Flagey, 1896",1,977731,[59407],"Athallia cerinella (Nyl.) Arup, Frödén & Søchting, 2013",1,,,7,cas1,Update cd_ref no changes for attributes and medium,update cd_ref
Animalia,Arthropodes,Insectes,225132,[225132],"Aedes albopictus (Skuse, 1894)",1,1054980,[225132],"Stegomyia albopicta (Skuse, 1894)",1,,,,cas1,Update cd_ref no changes for attributes and medium,update cd_ref
Fungi,Ascomycètes,Lichens,659211,[659211],"Caloplaca diffusa Vondrák & Llimona, 2011",1,1046368,[659211],"Xanthocarpia diffusa (Vondrák & Llimona) Frödén, Arup & Søchting, 2013",1,,,,cas1,Update cd_ref no changes for attributes and medium,update cd_ref
Plantae,Trachéophytes,Angiospermes,140616,[140616],"Saxifraga cuneifolia subsp. robusta D.A.Webb, 1988",1,121048,[140616],"Saxifraga excavata Kunze, 1842",1,,,3,cas1,Update cd_ref no changes for attributes and medium,update cd_ref
Fungi,Ascomycètes,Lichens,55987,[55987],"Lecanora pruinosa Chaub., 1821",1,1045949,[55987],"Polyozosia pruinosa (Chaub.) S.Y.Kondr., Lőkös & Farkas, 2019",1,,,,cas1,Update cd_ref no changes for attributes and medium,update cd_ref
Plantae,Trachéophytes,Angiospermes,145774,[145774],"Cruciata pedemontana var. procumbens (Asch.) Natali & Dutartre, 1995",1,1077325,[145774],"Cruciata pedemontana var. procumbens (Asch.) Soó, 1965",1,,,,cas1,Update cd_ref no changes for attributes and medium,update cd_ref
Fungi,Ascomycètes,Lichens,660585,[660585],Ochrolechia pallescens subsp. parella (L.),1,58350,[660585],"Ochrolechia parella (L.) A.Massal., 1852",1,,,3,cas1,Update cd_ref no changes for attributes and medium,update cd_ref
Fungi,Ascomycètes,Lichens,58032,[58032],"Sarcogyne regularis var. intermedia (Körb.) N.S.Golubk., 1977",1,668966,[58032],"Sarcogyne pruinosa var. pruinosa Körb., 1855",1,,,3,cas1,Update cd_ref no changes for attributes and medium,update cd_ref
Fungi,Ascomycètes,Lichens,56516,[56516],"Leptogium teretiusculum Wallr. ex Arnold, 1892",1,955020,[56516],"Scytinium teretiusculum (Wallr.) Otálora, P.M.Jørg. & Wedin, 2013",1,,,,cas1,Update cd_ref no changes for attributes and medium,update cd_ref
Fungi,Ascomycètes,Lichens,59524,[59524],"Caloplaca granulosa (Müll.Arg.) J.Steiner, 1894",1,982901,[59524],"Flavoplaca granulosa (Müll.Arg.) Arup, Frödén & Søchting, 2013",1,,,,cas1,Update cd_ref no changes for attributes and medium,update cd_ref
Fungi,Ascomycètes,Lichens,59538,[59538],"Caloplaca arnoldii (Wedd.) Zahlbr. ex Ginzb., 1915",1,977694,[59538],"Calogaya arnoldii (Wedd.) Arup, Frödén & Søchting, 2013",1,,,,cas1,Update cd_ref no changes for attributes and medium,update cd_ref
Animalia,Arthropodes,Arachnides,220241,[220241],"Chthonius globifer E. Simon, 1879",1,1053593,[220241],"Globochthonius globifer (E. Simon, 1879)",1,,,,cas1,Update cd_ref no changes for attributes and medium,update cd_ref
Animalia,Mollusques,Gastéropodes,195194,[195194],"Nesovitrea C.M. Cooke, 1921",1,1052610,[195194],"Perpolita H.B. Baker, 1928",1,,,,cas1,Update cd_ref no changes for attributes and medium,update cd_ref
Fungi,Ascomycètes,Lichens,659635,[659635],Lecanora leptyrodes (Nyl.) Degel.,1,1042489,[659635],"Glaucomaria leptyrodes (G.B.F.Nilsson) S.Y.Kondr., Lőkös & Farkas, 2019",1,,,,cas1,Update cd_ref no changes for attributes and medium,update cd_ref
Plantae,Trachéophytes,Angiospermes,91622,[91622],"Cistanche phelypaea (L.) Cout., 1913",1,91621,[91622],"Cistanche lutea (Desf.) Hoffmanns. & Link, 1813",1,,,1,cas1,Update cd_ref no changes for attributes and medium,update cd_ref
Protozoa,Myxomycètes,Autres,51083,[51083],"Physarum globuliferum (Bull.) Pers., 1801",1,1053963,[51083],"Nannengaella globulifera (Bull.) J.M.García-Martín, J.C.Zamora & Lado, 2023",1,,,,cas1,Update cd_ref no changes for attributes and medium,update cd_ref
Plantae,Bryophytes,Mousses,903825,[903825],"Didymodon tophaceus subsp. erosus (J.A.Jiménez & J.Guerra) Jan Kučera, 2018",1,1078939,[903825],"Geheebia erosa (J.A.Jiménez & J.Guerra) J.A.Jiménez & M.J.Cano, 2021",1,,,,cas1,Update cd_ref no changes for attributes and medium,update cd_ref
Fungi,Ascomycètes,Lichens,56611,[56611],"Lobaria scrobiculata (Scop.) P.Gaertn., 1805",1,666271,[56611],"Lobarina scrobiculata (Scop.) Nyl. ex Cromb., 1894",1,,,5,cas1,Update cd_ref no changes for attributes and medium,update cd_ref
Fungi,Ascomycètes,Lichens,59517,[59517],"Caloplaca thallincola (Wedd.) Du Rietz, 1925",1,1044233,[59517],"Variospora thallincola (Wedd.) Arup, Frödén & Søchting, 2013",1,,,,cas1,Update cd_ref no changes for attributes and medium,update cd_ref
Plantae,Trachéophytes,Angiospermes,610840,[610840],Carpobrotus acinaciformis x Carpobrotus edulis ,1,1048562,[610840],"Carpobrotus luxuriatus B.P.R.Chéron, 2023",1,,,,cas1,Update cd_ref no changes for attributes and medium,update cd_ref
Animalia,Arthropodes,Insectes,245416,[245416],"Nemapogon clematella (Fabricius, 1781)",1,1050329,[245416],"Nemapogon clematellus (Fabricius, 1781)",1,,,,cas1,Update cd_ref no changes for attributes and medium,update cd_ref
Animalia,Chordés,Poissons,69638,[69638],"Oblada melanura (Linnaeus, 1758)",1,1043529,[69638],"Oblada melanurus (Linnaeus, 1758)",1,,,4,cas1,Update cd_ref no changes for attributes and medium,update cd_ref
Plantae,Trachéophytes,Angiospermes,108898,[108898],"Muscari neglectum Guss. ex Ten., 1842",1,1049429,[108898],"Muscari neglectum Guss. ex Ten. & Sangiov., 1841",1,,,10,cas1,Update cd_ref no changes for attributes and medium,update cd_ref
Fungi,Ascomycètes,Lichens,660545,[660545],"Amandinea lecideina (H.Mayrhofer & Poelt) Scheid. & H.Mayrhofer, 1993",1,1042127,[660545],"Amandinea pelidna (Ach.) Fryday & Arcadia, 2012",1,,,,cas1,Update cd_ref no changes for attributes and medium,update cd_ref
Animalia,Arthropodes,Insectes,66137,"[66137, 971802]","Chorthippus mollis ignifer Ramme, 1923",2,971802,"[66137, 971802]","Gomphocerippus mollis ignifer (Ramme, 1923)",2,,,,cas1,Update cd_ref no changes for attributes and medium,update cd_ref
Animalia,Arthropodes,Insectes,230875,[230875],"Lysibia nana (Gravenhorst, 1829)",1,1006799,[230875],"Lysibia nanus (Gravenhorst, 1829)",1,,,,cas1,Update cd_ref no changes for attributes and medium,update cd_ref
Fungi,Ascomycètes,Lichens,658490,[658490],"Lecanora oyensis M.-P.Bertrand & Cl.Roux, 2011",1,1045933,[658490],"Polyozosia oyensis (M.Bertrand & Cl.Roux) S.Y.Kondr., Lőkös & Farkas, 2020",1,,,,cas1,Update cd_ref no changes for attributes and medium,update cd_ref
Plantae,Trachéophytes,Angiospermes,141689,[141689],"Thymelaea passerina subsp. pubescens (Guss.) Meikle, 1985",1,126468,[141689],"Thymelaea gussonei Boreau, 1859",1,,,,cas1,Update cd_ref no changes for attributes and medium,update cd_ref
Plantae,Trachéophytes,Angiospermes,718260,[718260],"Ophrys scolopax subsp. apiformis (Desf.) Maire & Weiller, 1959",1,110450,[718260],"Ophrys picta Link, 1800",1,,,,cas1,Update cd_ref no changes for attributes and medium,update cd_ref
Animalia,Arthropodes,Insectes,245418,[245418],"Nemapogon nigralbella (Zeller, 1839)",1,1050335,[245418],"Nemapogon nigralbellus (Zeller, 1839)",1,,,,cas1,Update cd_ref no changes for attributes and medium,update cd_ref
Animalia,Arthropodes,Insectes,610429,[610429],"Parnassius mnemosyne parmenides Fruhstorfer, 1908",1,1042439,[610429],"Parnassius turatii parmenides Fruhstorfer, 1908",1,,,,cas1,Update cd_ref no changes for attributes and medium,update cd_ref
Protozoa,Myxomycètes,Autres,50999,[50999],"Mucilago crustacea P.Micheli ex F.H.Wigg., 1780",1,1054070,[50999],"Didymium spongiosum (Leyss.) J.M.García-Martín, J.C.Zamora & Lado, 2023",1,,,3,cas1,Update cd_ref no changes for attributes and medium,update cd_ref
Fungi,Basidiomycètes,Autres,37440,[37440],"Psathyrella candolleana (Fr.) Maire, 1937",1,1043522,[37440],"Candolleomyces candolleanus (Fr.) D.Wächt. & A.Melzer, 2020",1,,,2,cas1,Update cd_ref no changes for attributes and medium,update cd_ref
Fungi,Ascomycètes,Lichens,660347,[660347],"Arthonia pruinata (Pers.) Steud. ex A.L.Sm., 1911",1,977096,[660347],"Pachnolepia pruinata (Pers.) Frisch & G.Thor, 2014",1,,,,cas1,Update cd_ref no changes for attributes and medium,update cd_ref
Fungi,Ascomycètes,Lichens,58565,[58565],"Lecanora sambuci (Pers.) Nyl., 1861",1,979802,[58565],"Polyozosia sambuci (Pers.) S.Y.Kondr., Lőkös & Farkas, 2019",1,,,,cas1,Update cd_ref no changes for attributes and medium,update cd_ref
Fungi,Ascomycètes,Lichens,658676,[658676],"Toninia sedifolia (Scop.) Timdal, 1991",1,983816,[658676],"Thalloidima sedifolium (Scop.) Kistenich, Timdal, Bendiksby & S.Ekman, 2018",1,,,2,cas1,Update cd_ref no changes for attributes and medium,update cd_ref
Fungi,Ascomycètes,Lichens,57008,[57008],"Lecidea exigua Chaub., 1821",1,1046346,[57008],"Traponora varians (Ach.) J.Kalb & Kalb, 2017",1,,,,cas1,Update cd_ref no changes for attributes and medium,update cd_ref
Fungi,Ascomycètes,Lichens,56539,[56539],"Epiphloea terrena (Nyl.) Trevis., 1880",1,978963,[56539],"Leptogium terrenum Nyl., 1873",1,,,,cas1,Update cd_ref no changes for attributes and medium,update cd_ref
Animalia,Mollusques,Gastéropodes,163099,[163099],"Discus rotundatus omalisma (Fagot, 1879)",1,1044196,[163099],"Gonyodiscus rotundatus omalisma (Fagot, 1879)",1,,,3,cas1,Update cd_ref no changes for attributes and medium,update cd_ref
Plantae,Trachéophytes,Gymnospermes,923333,[923333],"Pinus brutia subsp. brutia Ten., 1830",1,718749,[923333],"Pinus brutia var. brutia Ten., 1811",1,,,,cas1,Update cd_ref no changes for attributes and medium,update cd_ref
Animalia,Arthropodes,Insectes,432551,[432551],"Chorthippus apricarius apricarius (Linnaeus, 1758)",1,971745,[432551],"Gomphocerippus apricarius apricarius (Linnaeus, 1758)",1,,,1,cas1,Update cd_ref no changes for attributes and medium,update cd_ref
Fungi,Ascomycètes,Lichens,659602,[659602],"Lecanora subcarpinea Szatala, 1954",1,1045793,[659602],"Glaucomaria subcarpinea (Szatala) S.Y.Kondr., Lőkös & Farkas, 2019",1,,,,cas1,Update cd_ref no changes for attributes and medium,update cd_ref
Plantae,Trachéophytes,Angiospermes,141630,[141630],"Thalictrum minus subsp. saxatile (Schleich. ex DC.) Ces., 1844",1,1078749,[141630],"Thalictrum minus subsp. saxatile Gaudin, 1828",1,,,5,cas1,Update cd_ref no changes for attributes and medium,update cd_ref
Animalia,Arthropodes,Insectes,242606,[242606],"Meirella suturella (Fairmaire, 1859)",1,1079518,[242606],"Meirella minuta (Stierlin, 1881)",1,,,1,cas1,Update cd_ref no changes for attributes and medium,update cd_ref
Plantae,Bryophytes,Mousses,5302,[5302],"Didymodon vinealis (Brid.) R.H.Zander, 1978",1,1078948,[5302],"Vinealobryum vineale (Brid.) R.H.Zander, 2013",1,,,4,cas1,Update cd_ref no changes for attributes and medium,update cd_ref
Plantae,Trachéophytes,Angiospermes,116440,[116440],"Pulsatilla alpina (L.) Delarbre, 1800",1,1056224,[116440],"Pulsatilla alpina (L.) Chaz., 1790",1,,,1,cas1,Update cd_ref no changes for attributes and medium,update cd_ref
Plantae,Trachéophytes,Angiospermes,611636,[611636],"Charybdis undulata (Desf.) Speta, 2001",1,1049693,[611636],"Squilla undulata (Desf.) Mart.-Azorín, M.B.Crespo & M.Á.Alonso, 2022",1,,,,cas1,Update cd_ref no changes for attributes and medium,update cd_ref
Animalia,Arthropodes,Insectes,245411,[245411],"Nemapogon inconditella (D. Lucas, 1956)",1,1050333,[245411],"Nemapogon inconditellus (D. Lucas, 1956)",1,,,,cas1,Update cd_ref no changes for attributes and medium,update cd_ref
Fungi,Ascomycètes,Lichens,978020,[978020],"Scythioria phlogina (Ach.) S.Y.Kondr., Kärnefelt, Elix, A.Thell & Hur, 2014",1,1016541,[978020],"Polycauliona phlogina (Ach.) Arup, Frödén & Søchting, 2013",1,,,,cas1,Update cd_ref no changes for attributes and medium,update cd_ref
Fungi,Ascomycètes,Lichens,660071,[660071],"Caloplaca verruculifera (Vain.) Zahlbr., 1931",1,1042685,[660071],"Polycauliona verruculifera (Vain.) Arup, Frödén & Søchting, 2013",1,,,,cas1,Update cd_ref no changes for attributes and medium,update cd_ref
Fungi,Ascomycètes,Lichens,954142,[954142],"Arctomia fascicularis (L.) Otálora & Wedin, 2013",1,1042482,[954142],"Gabura fascicularis (L.) P.M.Jørg., 2014",1,,,,cas1,Update cd_ref no changes for attributes and medium,update cd_ref
Animalia,Arthropodes,Insectes,66130,"[66130, 971744]","Chorthippus apricarius (Linnaeus, 1758)",2,971744,"[66130, 971744]","Gomphocerippus apricarius (Linnaeus, 1758)",2,,,,cas1,Update cd_ref no changes for attributes and medium,update cd_ref
Animalia,Arthropodes,Insectes,246131,[246131],"Scythris tributella (Zeller, 1847)",1,1078575,[246131],"Scythris terrenella (Zeller, 1847)",1,,,,cas1,Update cd_ref no changes for attributes and medium,update cd_ref
Fungi,Ascomycètes,Lichens,658471,[658471],"Lecanora vaenskaei Cl.Roux & C.Coste, 1994",1,1043291,[658471],"Protoparmeliopsis vaenskaei (Cl.Roux & C.Coste) Cl.Roux, 2016",1,,,,cas1,Update cd_ref no changes for attributes and medium,update cd_ref
Fungi,Ascomycètes,Autres,699221,[699221],"Sarea resinae (Fr.) Kuntze, 1898",1,1043477,[699221],"Zythia resinae (Fr.) P.Karst., 1890",1,,,1,cas1,Update cd_ref no changes for attributes and medium,update cd_ref
Fungi,Ascomycètes,Lichens,658673,[658673],"Toninia taurica (Szatala) Oxner, 1968",1,666498,[658673],"Thalloidima tauricum Szatala, 1942",1,,,,cas1,Update cd_ref no changes for attributes and medium,update cd_ref
Animalia,Mollusques,Gastéropodes,163155,[163155],"Nesovitrea petronella (L. Pfeiffer, 1853)",1,530341,[163155],"Perpolita petronella (L. Pfeiffer, 1853)",1,,,2,cas1,Update cd_ref no changes for attributes and medium,update cd_ref
Animalia,Arthropodes,Insectes,432552,"[432552, 971801]","Chorthippus mollis mollis (Charpentier, 1825)",2,971801,"[432552, 971801]","Gomphocerippus mollis mollis (Charpentier, 1825)",2,,,6,cas1,Update cd_ref no changes for attributes and medium,update cd_ref
Fungi,Ascomycètes,Lichens,59438,[59438],"Caloplaca ammiospila (Wahlenb.) H.Olivier, 1909",1,1041911,[59438],"Blastenia ammiospila (Wahlenb.ex Ach.) Arup, Søchting & Frödén, 2013",1,,,,cas1,Update cd_ref no changes for attributes and medium,update cd_ref
Animalia,Arthropodes,Insectes,54502,[54502],"Parnassius mnemosyne (Linnaeus, 1758)",1,1042429,[54502],"Parnassius turatii Fruhstorfer, 1908",1,,,3,cas1,Update cd_ref no changes for attributes and medium,update cd_ref
Plantae,Trachéophytes,Angiospermes,92097,[92097],"Coeloglossum viride (L.) Hartm., 1820",1,94289,[92097],"Dactylorhiza viridis (L.) R.M.Bateman, Pridgeon & M.W.Chase, 1997",1,,,5,cas1,Update cd_ref no changes for attributes and medium,update cd_ref
Fungi,Ascomycètes,Lichens,660143,[660143],"Caloplaca calcitrapa Nav.-Ros., Gaya & Cl.Roux, 2000",1,1042452,[660143],"Flavoplaca calcitrapa (Nav.-Ros., Gaya & Cl.Roux) Arup, Frödén & Søchting, 2013",1,,,,cas1,Update cd_ref no changes for attributes and medium,update cd_ref
Animalia,Arthropodes,Insectes,22319,[22319],"Hybomitra ciureai (Séguy, 1937)",1,22318,[22319],"Hybomitra solstitialis (Meigen, 1820)",1,,,,cas1,Update cd_ref no changes for attributes and medium,update cd_ref
Plantae,Trachéophytes,Angiospermes,106035,[106035],"Limodorum trabutianum Batt., 1886",1,982236,[106035],"Limodorum abortivum var. abortivum (L.) Sw., 1799",1,,,4,cas1,Update cd_ref no changes for attributes and medium,update cd_ref
Animalia,Arthropodes,Insectes,608262,[608262],"Parnassius mnemosyne dinianus Fruhstorfer, 1908",1,1042433,[608262],"Parnassius turatii dinianus Fruhstorfer, 1908",1,,,,cas1,Update cd_ref no changes for attributes and medium,update cd_ref
Plantae,Trachéophytes,Angiospermes,611489,[611489],Romulea columnae x Romulea ramiflora ,1,117883,[611489],"Romulea x anceps (Merino) Bég., 1906",1,,,,cas1,Update cd_ref no changes for attributes and medium,update cd_ref
Fungi,Ascomycètes,Lichens,659581,[659581],"Lecidea doliiformis Coppins & P.James, 1992",1,1042851,[659581],"Micarea doliiformis (Coppins & P.James) Coppins & Sérus., 2010",1,,,,cas1,Update cd_ref no changes for attributes and medium,update cd_ref
Fungi,Ascomycètes,Lichens,660102,[660102],"Caloplaca marmorata (Bagl.) Jatta, 1900",1,1042545,[660102],"Gyalolechia marmorata (Bagl.) Nimis & Arup, 2023",1,,,,cas1,Update cd_ref no changes for attributes and medium,update cd_ref
Fungi,Ascomycètes,Lichens,660313,[660313],"Arthrosporum populorum A.Massal., 1853",1,1044156,[660313],"Toninia populorum (A.Massal.) Kistenich, Timdal, Bendiksby & S.Ekman, 2018",1,,,,cas1,Update cd_ref no changes for attributes and medium,update cd_ref
Plantae,Trachéophytes,Angiospermes,969587,[969587],Vitis berlandieri x Vitis riparia ,1,1078350,[969587],"Vitis x koberi Ardenghi, Galasso, Banfi & Lastrucci, 2014",1,,,,cas1,Update cd_ref no changes for attributes and medium,update cd_ref
Fungi,Ascomycètes,Lichens,660152,[660152],"Caloplaca alociza (A.Massal.) Mig., 1925",1,1043494,[660152],"Pyrenodesmia alociza (A.Massal.) Arnold, 1884",1,,,,cas1,Update cd_ref no changes for attributes and medium,update cd_ref
Fungi,Ascomycètes,Lichens,59519,[59519],"Caloplaca cirrochroa (Ach.) Th.Fr., 1871",1,977740,[59519],"Leproplaca cirrochroa (Ach.) Arup, Frödén & Søchting, 2013",1,,,1,cas1,Update cd_ref no changes for attributes and medium,update cd_ref
Animalia,Arthropodes,Insectes,228973,[228973],"Odontocolon thomsoni (Clément, 1938)",1,228968,[228973],"Odontocolon appendiculatum (Gravenhorst, 1829)",1,,,,cas1,Update cd_ref no changes for attributes and medium,update cd_ref
Fungi,Ascomycètes,Lichens,58427,[58427],"Aspicilia viridescens (A.Massal.) Hue, 1912",1,1049674,[58427],"Circinaria viridescens (A.Massal.) Gheza, Vallese, Benesperi, Bianchi, Di Cecco, Di Martino, Giordani, Hafellner, Mayrhofer, Nimis, Tretiach & Nascimbene, 2021",1,,,4,cas1,Update cd_ref no changes for attributes and medium,update cd_ref
Fungi,Ascomycètes,Lichens,59369,[59369],"Caloplaca velana (A.Massal.) Du Rietz, 1925",1,1044235,[59369],"Variospora velana (A.Massal.) Arup, Søchting & Frödén, 2013",1,,,,cas1,Update cd_ref no changes for attributes and medium,update cd_ref
Animalia,Arthropodes,Insectes,1029806,[1029806],Pseudochorthippus parallelus parallelus x P. parallelus erythropus ,1,1079222,[1029806],Pseudochorthippus parallelus x P. erythropus ,1,,,,cas1,Update cd_ref no changes for attributes and medium,update cd_ref
Fungi,Ascomycètes,Lichens,59503,[59503],"Caloplaca lactea (A.Massal.) Zahlbr., 1901",1,1046371,[59503],"Xanthocarpia lactea (A.Massal.) A.Massal., 1855",1,,,,cas1,Update cd_ref no changes for attributes and medium,update cd_ref
Animalia,Arthropodes,Insectes,65693,"[65693, 349345]","Platycleis grisea (Fabricius, 1781)",2,349345,"[65693, 349345]","Platycleis albopunctata grisea (Fabricius, 1781)",2,,,,cas1,Update cd_ref no changes for attributes and medium,update cd_ref
Fungi,Ascomycètes,Lichens,660138,[660138],"Caloplaca chalybaea (Fr.) Müll.Arg., 1862",1,666392,[660138],"Pyrenodesmia chalybaea (Fr.) A.Massal., 1852",1,,,,cas1,Update cd_ref no changes for attributes and medium,update cd_ref
Fungi,Ascomycètes,Lichens,59558,[59558],"Xanthoria sorediata (Vain.) Poelt, 1954",1,1046085,[59558],"Rusavskia sorediata (Vain.) S.Y.Kondr. & Kärnefelt, 2003",1,,,,cas1,Update cd_ref no changes for attributes and medium,update cd_ref
Plantae,Trachéophytes,Angiospermes,125819,[125819],"Tecoma capensis (Thunb.) Lindl., 1828",1,125825,[125819],"Tecomaria capensis (Thunb.) Spach, 1840",1,,,1,cas1,Update cd_ref no changes for attributes and medium,update cd_ref
Fungi,Ascomycètes,Autres,45799,[45799],"Bisporella citrina (Batsch) Korf & S.E.Carp., 1974",1,1043736,[45799],"Calycina citrina (Hedw.) Gray, 1821",1,,,2,cas1,Update cd_ref no changes for attributes and medium,update cd_ref
Fungi,Ascomycètes,Lichens,658633,[658633],"Usnea fulvoreagens (Räsänen) Räsänen, 1935",1,668763,[658633],"Usnea glabrescens var. fulvoreagens Räsänen, 1931",1,,,12,cas1,Update cd_ref no changes for attributes and medium,update cd_ref
Plantae,Trachéophytes,Angiospermes,718231,[718231],"Ficaria verna subsp. fertilis (A.R.Clapham ex Laegaard) Stace, 2009",1,98643,[718231],"Ficaria ambigua Boreau, 1857",1,,,,cas1,Update cd_ref no changes for attributes and medium,update cd_ref
Fungi,Ascomycètes,Lichens,659146,[659146],"Physcia scopulorum (Lambinon & Vězda) Poelt & Nimis, 1987",1,983145,[659146],"Physcia mediterranea Nimis, 2016",1,,,,cas1,Update cd_ref no changes for attributes and medium,update cd_ref
Fungi,Ascomycètes,Lichens,658684,[658684],"Toninia massata (Tuck.) Herre, 1910",1,983769,[658684],"Thalloidima massatum (Tuck.) Kistenich, Timdal, Bendiksby & S.Ekman, 2018",1,,,,cas1,Update cd_ref no changes for attributes and medium,update cd_ref
Fungi,Ascomycètes,Lichens,659905,[659905],"Degelia atlantica (Degel.) P.M.Jørg. & P.James, 1990",1,1043096,[659905],"Pectenia atlantica (Degel.) P.M.Jørg., L.Lindblom, Wedin & S.Ekman, 2014",1,,,,cas1,Update cd_ref no changes for attributes and medium,update cd_ref
Fungi,Ascomycètes,Lichens,56787,[56787],"Micarea bauschiana (Körb.) V.Wirth & Vězda, 1976",1,1042017,[56787],"Brianaria bauschiana (Körb.) S.Ekman & M.Svenss., 2014",1,,,,cas1,Update cd_ref no changes for attributes and medium,update cd_ref
Animalia,Arthropodes,Insectes,216973,[216973],"Dioxyna bidentis (Robineau-Desvoidy, 1830)",1,1055710,[216973],"Campiglossa bidentis (Robineau-Desvoidy, 1830)",1,,,,cas1,Update cd_ref no changes for attributes and medium,update cd_ref
Fungi,Ascomycètes,Lichens,659520,"[659520, 662911]","Lepraria lobificans Nyl., 1873",2,659520,[659520],"Lepraria lobificans Nyl., 1873",1,,,4,cas2,Keep attributes and medium,split
Animalia,Arthropodes,Insectes,66181,"[66181, 837865]","Locusta migratoria (Linnaeus, 1758)",2,66181,[66181],"Locusta migratoria (Linnaeus, 1758)",1,,,4,cas2,Keep attributes and medium,split
Fungi,Ascomycètes,Lichens,58733,"[58733, 983442]","Solenopsora cesatii (A.Massal.) Zahlbr., 1919",2,58733,[58733],"Solenopsora cesatii (A.Massal.) Zahlbr., 1919",1,,,2,cas2,Keep attributes and medium,split
Plantae,Trachéophytes,Angiospermes,94252,"[94252, 94270]","Dactylorhiza elata (Poir.) Soó, 1962",2,94252,[94252],"Dactylorhiza elata (Poir.) Soó, 1962",1,,,4,cas2,Keep attributes and medium,split
Plantae,Trachéophytes,Angiospermes,94252,"[94252, 94270]","Dactylorhiza elata (Poir.) Soó, 1962",2,94270,[94270],"Dactylorhiza occitanica Geniez, Melki, Pain & Soca, 1995",1,,,4,cas2,Loose attributes and medium now attach to 94252,split
Fungi,Ascomycètes,Lichens,660144,"[660144, 664806]","Caloplaca britannica R.Sant., 1992",2,1042551,[660144],"Haloplaca britannica (R.Sant.) Arup, Frödén & Søchting, 2013",1,,,,cas2,Loose attributes and medium now attach to No one,split
Fungi,Ascomycètes,Lichens,660144,"[660144, 664806]","Caloplaca britannica R.Sant., 1992",2,1042459,[664806],"Flavoplaca limonia (Nimis & Poelt) Arup, Frödén & Søchting, 2013",1,,,,cas2,Loose attributes and medium now attach to No one,split
Fungi,Ascomycètes,Lichens,659520,"[659520, 662911]","Lepraria lobificans Nyl., 1873",2,662911,[662911],"Lepraria finkii (B.de Lesd.) R.C.Harris, 1985",1,,,4,cas2,Loose attributes and medium now attach to 659520,split
Fungi,Ascomycètes,Lichens,58733,"[58733, 983442]","Solenopsora cesatii (A.Massal.) Zahlbr., 1919",2,983442,[983442],"Solenopsora grisea (Bagl.) Kotlov, 2004",1,,,2,cas2,Loose attributes and medium now attach to 58733,split
Animalia,Arthropodes,Insectes,66181,"[66181, 837865]","Locusta migratoria (Linnaeus, 1758)",2,837865,[837865],"Locusta cinerascens (Fabricius, 1781)",1,,,4,cas2,Loose attributes and medium now attach to 66181,split
Fungi,Ascomycètes,Lichens,659902,[659902],"Dendriscocaulon umhausense (Auersw.) Degel., 1942",1,667112,"[659902, 667112]","Ricasolia amplissima (Scop.) De Not., 1846",2,,,,"cas3: 2 grappes, cas3: f_cd_ref",Merge attributes if exists,merge
Plantae,Trachéophytes,Angiospermes,120512,[120512],"Salix x rubens Schrank, 1789",1,120040,"[120040, 120512]","Salix x fragilis L., 1753",2,,,4,"cas3: 2 grappes, cas3: f_cd_ref",Merge attributes if exists,merge
Fungi,Ascomycètes,Lichens,667112,[667112],"Ricasolia amplissima (Scop.) De Not., 1846",1,667112,"[659902, 667112]","Ricasolia amplissima (Scop.) De Not., 1846",2,,,2,"cas3: 2 grappes, cas3: f_cd_ref",Merge attributes if exists,merge
Plantae,Trachéophytes,Angiospermes,147897,[147897],"Juncus bufonius var. bufonius L., 1753",1,104144,"[104144, 147897, 147898]","Juncus bufonius L., 1753",3,,,,cas3: f_cd_ref,Merge attributes if exists,merge
Plantae,Trachéophytes,Angiospermes,141638,[141638],"Thalictrum simplex subsp. simplex L., 1767",1,126213,"[126213, 141638, 718422]","Thalictrum simplex L., 1755",3,,,3,cas3: f_cd_ref,Merge attributes if exists,merge
Fungi,Ascomycètes,Lichens,660107,[660107],"Caloplaca limitosa (Nyl.) H.Olivier, 1909",1,1015109,"[660107, 978044, 1015109]","Blastenia festivella (Nyl.) Vondrák, 2019",3,,,,cas3: f_cd_ref,Merge attributes if exists,merge
Fungi,Ascomycètes,Lichens,660647,[660647],"Xanthoparmelia pulla subsp. pulla (Ach.) O.Blanco, A.Crespo, Elix, D.Hawksw. & Lumbsch, 2004",1,660465,"[660465, 660647, 660654, 660895]","Xanthoparmelia pulla (Ach.) O.Blanco, A.Crespo, Elix, D.Hawksw. & Lumbsch, 2004",4,,,,cas3: f_cd_ref,Merge attributes if exists,merge
Plantae,Trachéophytes,Angiospermes,718258,[718258],"Ophrys fuciflora subsp. souchei R.Martin & Véla, 2012",1,161544,"[138286, 718257, 718258]","Ophrys holosericea subsp. holosericea (Burm.f.) Greuter, 1967",3,,,,cas3: f_cd_ref,Merge attributes if exists,merge
Plantae,Trachéophytes,Angiospermes,118916,[118916],"Rubia peregrina L., 1753",1,118916,"[118916, 140174, 140175]","Rubia peregrina L., 1753",3,,,5,cas3: f_cd_ref,Merge attributes if exists,merge
Fungi,Ascomycètes,Lichens,660465,[660465],"Xanthoparmelia pulla (Ach.) O.Blanco, A.Crespo, Elix, D.Hawksw. & Lumbsch, 2004",1,660465,"[660465, 660647, 660654, 660895]","Xanthoparmelia pulla (Ach.) O.Blanco, A.Crespo, Elix, D.Hawksw. & Lumbsch, 2004",4,,,2,cas3: f_cd_ref,Merge attributes if exists,merge
Fungi,Ascomycètes,Autres,660813,[660813],"Caloplaca crenularia var. depauperata (H.Magn.) Calat. & Barreno, 1994",1,977757,"[660469, 660718, 660812, 660813]","Blastenia crenularia (With.) Arup, Søchting & Frödén, 2013",4,,,,cas3: f_cd_ref,Merge attributes if exists,merge
Fungi,Ascomycètes,Lichens,954287,[954287],"Lecanora hagenii f. dispersella (Ach.) Ach., 1810",1,979745,"[58579, 660730, 954287]","Polyozosia hagenii (Ach.) S.Y.Kondr., Lőkös & Farkas, 2019",3,,,,cas3: f_cd_ref,Merge attributes if exists,merge
Fungi,Ascomycètes,Lichens,978044,[978044],"Blastenia subochracea (Wedd.) Arup, Søchting & Frödén, 2013",1,1015109,"[660107, 978044, 1015109]","Blastenia festivella (Nyl.) Vondrák, 2019",3,,,,cas3: f_cd_ref,Merge attributes if exists,merge
Plantae,Trachéophytes,Angiospermes,140174,[140174],"Rubia peregrina subsp. longifolia (Poir.) O.Bolòs, 1969",1,118916,"[118916, 140174, 140175]","Rubia peregrina L., 1753",3,,,,cas3: f_cd_ref,Merge attributes if exists,merge
Fungi,Ascomycètes,Lichens,660469,[660469],"Caloplaca crenularia (With.) J.R.Laundon, 1984",1,977757,"[660469, 660718, 660812, 660813]","Blastenia crenularia (With.) Arup, Søchting & Frödén, 2013",4,,,3,cas3: f_cd_ref,Merge attributes if exists,merge
Plantae,Trachéophytes,Angiospermes,147898,[147898],"Juncus bufonius var. congestus Wahlenb., 1820",1,104144,"[104144, 147897, 147898]","Juncus bufonius L., 1753",3,,,,cas3: f_cd_ref,Merge attributes if exists,merge
Fungi,Ascomycètes,Lichens,1015109,[1015109],"Blastenia festivella (Nyl.) Vondrák, 2019",1,1015109,"[660107, 978044, 1015109]","Blastenia festivella (Nyl.) Vondrák, 2019",3,,,,cas3: f_cd_ref,Merge attributes if exists,merge
Fungi,Ascomycètes,Lichens,660895,[660895],"Xanthoparmelia perrugata (Nyl.) O.Blanco, A.Crespo, Elix, D.Hawksw. & Lumbsch, 2004",1,660465,"[660465, 660647, 660654, 660895]","Xanthoparmelia pulla (Ach.) O.Blanco, A.Crespo, Elix, D.Hawksw. & Lumbsch, 2004",4,,,1,cas3: f_cd_ref,Merge attributes if exists,merge
Plantae,Trachéophytes,Angiospermes,140175,[140175],"Rubia peregrina subsp. peregrina L., 1753",1,118916,"[118916, 140174, 140175]","Rubia peregrina L., 1753",3,,,,cas3: f_cd_ref,Merge attributes if exists,merge
Plantae,Trachéophytes,Angiospermes,137966,[137966],"Najas marina subsp. intermedia (Wolfg. ex Gorski) Casper, 1979",1,137968,"[137965, 137966, 137968]","Najas marina subsp. marina L., 1753",3,,,,cas3: f_cd_ref,Merge attributes if exists,merge
Animalia,Mollusques,Gastéropodes,416747,[416747],"Trochulus hispidus (Linnaeus, 1758)",1,416747,"[416747, 416748, 416749]","Trochulus hispidus (Linnaeus, 1758)",3,,,1,cas3: f_cd_ref,Merge attributes if exists,merge
Plantae,Trachéophytes,Angiospermes,718257,[718257],"Ophrys fuciflora subsp. montiliensis Aubenas & Scappat., 2012",1,161544,"[138286, 718257, 718258]","Ophrys holosericea subsp. holosericea (Burm.f.) Greuter, 1967",3,,,3,cas3: f_cd_ref,Merge attributes if exists,merge
Plantae,Trachéophytes,Angiospermes,126213,[126213],"Thalictrum simplex L., 1767",1,126213,"[126213, 141638, 718422]","Thalictrum simplex L., 1755",3,,,5,cas3: f_cd_ref,Merge attributes if exists,merge
Animalia,Mollusques,Gastéropodes,416749,[416749],"Trochulus sericeus (Draparnaud, 1801)",1,416747,"[416747, 416748, 416749]","Trochulus hispidus (Linnaeus, 1758)",3,,,1,cas3: f_cd_ref,Merge attributes if exists,merge
Fungi,Ascomycètes,Autres,660718,[660718],"Caloplaca crenularia var. crenularia (With.) J.R.Laundon, 1984",1,977757,"[660469, 660718, 660812, 660813]","Blastenia crenularia (With.) Arup, Søchting & Frödén, 2013",4,,,,cas3: f_cd_ref,Merge attributes if exists,merge
Plantae,Trachéophytes,Angiospermes,718422,[718422],"Thalictrum simplex subsp. tenuifolium (Sw. ex Hartm.) Sterner, 1938",1,126213,"[126213, 141638, 718422]","Thalictrum simplex L., 1755",3,,,,cas3: f_cd_ref,Merge attributes if exists,merge
Fungi,Ascomycètes,Lichens,58579,[58579],"Lecanora hagenii (Ach.) Ach., 1810",1,979745,"[58579, 660730, 954287]","Polyozosia hagenii (Ach.) S.Y.Kondr., Lőkös & Farkas, 2019",3,,,,cas3: f_cd_ref,Merge attributes if exists,merge
Plantae,Trachéophytes,Angiospermes,104144,[104144],"Juncus bufonius L., 1753",1,104144,"[104144, 147897, 147898]","Juncus bufonius L., 1753",3,,,3,cas3: f_cd_ref,Merge attributes if exists,merge
Plantae,Trachéophytes,Angiospermes,138286,[138286],"Ophrys fuciflora subsp. fuciflora (F.W.Schmidt) Moench, 1802",1,161544,"[138286, 718257, 718258]","Ophrys holosericea subsp. holosericea (Burm.f.) Greuter, 1967",3,,,3,cas3: f_cd_ref,Merge attributes if exists,merge
Fungi,Ascomycètes,Lichens,660654,[660654],"Xanthoparmelia pulla var. pulla (Ach.) O.Blanco, A.Crespo, Elix, D.Hawksw. & Lumbsch, 2004",1,660465,"[660465, 660647, 660654, 660895]","Xanthoparmelia pulla (Ach.) O.Blanco, A.Crespo, Elix, D.Hawksw. & Lumbsch, 2004",4,,,,cas3: f_cd_ref,Merge attributes if exists,merge
Plantae,Trachéophytes,Angiospermes,137965,[137965],"Najas marina subsp. armata (H.Lindb.) Horn, 1952",1,137968,"[137965, 137966, 137968]","Najas marina subsp. marina L., 1753",3,,,,cas3: f_cd_ref,Merge attributes if exists,merge
Plantae,Trachéophytes,Angiospermes,137968,[137968],"Najas marina subsp. marina L., 1753",1,137968,"[137965, 137966, 137968]","Najas marina subsp. marina L., 1753",3,,,4,cas3: f_cd_ref,Merge attributes if exists,merge
Fungi,Ascomycètes,Lichens,660730,[660730],"Lecanora hagenii var. hagenii (Ach.) Ach., 1810",1,979745,"[58579, 660730, 954287]","Polyozosia hagenii (Ach.) S.Y.Kondr., Lőkös & Farkas, 2019",3,,,,cas3: f_cd_ref,Merge attributes if exists,merge
Plantae,Trachéophytes,Angiospermes,141281,[141281],"Solanum villosum subsp. miniatum (Bernh. ex Willd.) Edmonds, 1984",1,124132,"[124132, 141281, 141284]","Solanum villosum Mill., 1768",3,,,1,cas3: f_cd_ref,Merge attributes if exists,merge
Plantae,Trachéophytes,Angiospermes,141284,[141284],"Solanum villosum subsp. villosum Mill., 1768",1,124132,"[124132, 141281, 141284]","Solanum villosum Mill., 1768",3,,,3,cas3: f_cd_ref,Merge attributes if exists,merge
Plantae,Trachéophytes,Angiospermes,124132,[124132],"Solanum villosum Mill., 1768",1,124132,"[124132, 141281, 141284]","Solanum villosum Mill., 1768",3,,,6,cas3: f_cd_ref,Merge attributes if exists,merge
Animalia,Arthropodes,Insectes,967641,[967641],"Myrmecodipogon asahinai (Ishikawa, 1965)",1,1047044,[967641],"Dipogon asahinai Ishikawa, 1965",1,,,,cas1,Update cd_ref no changes for attributes and medium,update cd_ref
Fungi,Ascomycètes,Lichens,926870,[926870],"Melaspilea urceolata (Fr.) Ertz & Diederich, 2015",1,1042849,[926870],"Melaspilea enteroleuca (Ach.) Ertz & Diederich, 2015",1,,,,cas1,Update cd_ref no changes for attributes and medium,update cd_ref
Protozoa,Myxomycètes,Autres,51102,[51102],"Physarum melleum (Berk. & Broome) Massee, 1892",1,1054058,[51102],"Nannengaella mellea (Berk.& Broome) J.M.García-Martín, J.C.Zamora & Lado, 2023",1,,,3,cas1,Update cd_ref no changes for attributes and medium,update cd_ref
Fungi,Ascomycètes,Lichens,55900,[55900],"Schismatomma niveum D.Hawksw. & P.James, 1971",1,1044111,[55900],"Snippocia nivea (D.Hawksw. & P.James) Ertz & Sanderson, 2018",1,,,,cas1,Update cd_ref no changes for attributes and medium,update cd_ref
Plantae,Trachéophytes,Angiospermes,717075,[717075],"Anacamptis fragrans (Pollini) R.M.Bateman, 2003",1,131319,[717075],"Anacamptis coriophora subsp. fragrans (Pollini) R.M.Bateman, Pridgeon & Chase, 1997",1,,,,cas1,Update cd_ref no changes for attributes and medium,update cd_ref
Animalia,Arthropodes,Insectes,52276,[52276],"Ceratophyllus sciurorum (Schrank, 1803)",1,1054611,[52276],"Monopsyllus sciurorum (Schrank, 1803)",1,,,,cas1,Update cd_ref no changes for attributes and medium,update cd_ref
Fungi,Ascomycètes,Lichens,55242,[55242],"Staurothele hymenogonia (Nyl.) Th.Fr., 1865",1,1051927,[55242],"Nesothele hymenogonia (Nyl.) Orange, 2022",1,,,,cas1,Update cd_ref no changes for attributes and medium,update cd_ref
Fungi,Ascomycètes,Lichens,659656,[659656],"Lecanora crenulata Hook., 1833",1,1042895,[659656],"Myriolecis crenulata (Hook.) Śliwa, Zhao Xin & Lumbsch, 2015",1,,,2,cas1,Update cd_ref no changes for attributes and medium,update cd_ref
Fungi,Ascomycètes,Lichens,58305,[58305],"Pertusaria mammosa Harm., 1913",1,1042789,[58305],"Lepra mammosa (Harm.) Hafellner, 2016",1,,,,cas1,Update cd_ref no changes for attributes and medium,update cd_ref
Plantae,Trachéophytes,Angiospermes,125356,[125356],"Symphytum orientale L., 1753",1,1048567,[125356],"Symphytum kurdicum Boiss. & Hausskn., 1875",1,,,,cas1,Update cd_ref no changes for attributes and medium,update cd_ref
Fungi,Ascomycètes,Lichens,56473,[56473],"Leptogium diffractum Kremp., 1861",1,666376,[56473],"Pseudoleptogium diffractum (Kremp.ex Körb.) Müll.Arg., 1885",1,,,,cas1,Update cd_ref no changes for attributes and medium,update cd_ref
Animalia,Mollusques,Gastéropodes,64173,[64173],"Discus rotundatus (O.F. Müller, 1774)",1,779506,[64173],"Gonyodiscus rotundatus (O.F. Müller, 1774)",1,,,2,cas1,Update cd_ref no changes for attributes and medium,update cd_ref
Fungi,Basidiomycètes,Autres,36263,[36263],"Inocybe calamistrata (Fr.) Gillet, 1876",1,1043648,[36263],"Inosperma calamistratum (Fr.) Matheny & Esteve-Rav., 2019",1,,,1,cas1,Update cd_ref no changes for attributes and medium,update cd_ref
Animalia,Chordés,Oiseaux,3164,[3164],"Pluvialis apricaria altifrons (Brehm, 1831)",1,960761,[3164],"Charadrius altifrons Brehm, 1831",1,,,,cas1,Update cd_ref no changes for attributes and medium,update cd_ref
Animalia,Arthropodes,Insectes,246651,[246651],"Dichomeris limbipunctellus (Staudinger, 1859)",1,1021393,[246651],"Dichomeris limbipunctella (Staudinger, 1859)",1,,,,cas1,Update cd_ref no changes for attributes and medium,update cd_ref
Fungi,Ascomycètes,Lichens,660153,[660153],"Caloplaca albopruinosa (Arnold) H.Olivier, 1909",1,1043419,[660153],"Pyrenodesmia albopruinosa (Arnold) S.Y.Kondr., 2020",1,,,,cas1,Update cd_ref no changes for attributes and medium,update cd_ref
Fungi,Ascomycètes,Lichens,660124,[660124],"Caloplaca dolomiticola (Hue) Zahlbr., 1930",1,978040,[660124],"Variospora dolomiticola (Hue) Arup, Søchting & Frödén, 2013",1,,,,cas1,Update cd_ref no changes for attributes and medium,update cd_ref
Plantae,Trachéophytes,Angiospermes,149442,[149442],"Physalis alkekengi var. franchetii (Mast.) Makino, 1908",1,1078057,[149442],"Alkekengi officinarum var. franchetii (Mast.) R.J.Wang, 2014",1,,,2,cas1,Update cd_ref no changes for attributes and medium,update cd_ref
Fungi,Ascomycètes,Lichens,58262,[58262],"Pertusaria monogona Nyl., 1872",1,1042790,[58262],"Lepra monogona (Nyl.) Hafellner, 2016",1,,,,cas1,Update cd_ref no changes for attributes and medium,update cd_ref
Animalia,Arthropodes,Insectes,219591,[219591],"Smicromyrme suberrata Invrea, 1957",1,1052952,[219591],"Smicromyrme pusillus (Klug, 1835)",1,,,,cas1,Update cd_ref no changes for attributes and medium,update cd_ref
Animalia,Arthropodes,Insectes,264354,[264354],"Plagiolepis pallescens Forel, 1889",1,1025242,"[264354, 1025242]","Plagiolepis pyrenaica Emery, 1921",2,,,,"cas3: 2 grappes, cas3: f_cd_ref",Merge attributes if exists,merge
Plantae,Trachéophytes,Angiospermes,98651,[98651],"Ficaria verna Huds., 1762",1,98651,"[98651, 718355]","Ficaria verna Huds., 1762",2,,,6,"cas3: 2 grappes, cas3: f_cd_ref",Merge attributes if exists,merge
Plantae,Trachéophytes,Angiospermes,126474,[126474],"Thymelaea passerina (L.) Coss. & Germ., 1861",1,126474,"[126474, 160395]","Thymelaea passerina (L.) Coss. & Germ., 1859",2,,,3,"cas3: 2 grappes, cas3: f_cd_ref",Merge attributes if exists,merge
Plantae,Trachéophytes,Angiospermes,130075,[130075],"Washingtonia robusta H.Wendl., 1883",1,130074,"[130074, 130075]","Washingtonia filifera (T.Moore & Mast.) H.Wendl. ex de Bary, 1879",2,,,,"cas3: 2 grappes, cas3: f_cd_ref",Merge attributes if exists,merge
Fungi,Ascomycètes,Lichens,58309,[58309],"Pertusaria leucosora Nyl., 1877",1,1042779,"[58308, 58309]","Lepra leucosora (Nyl.) Hafellner, 2016",2,,,,"cas3: 2 grappes, cas3: f_cd_ref",Merge attributes if exists,merge
Plantae,Trachéophytes,Angiospermes,136899,[136899],"Juncus alpinoarticulatus subsp. alpinoarticulatus Chaix, 1785",1,136899,"[136899, 136903]","Juncus alpinoarticulatus subsp. alpinoarticulatus Chaix, 1785",2,,,1,"cas3: 2 grappes, cas3: f_cd_ref",Merge attributes if exists,merge
Animalia,Arthropodes,Insectes,247502,[247502],"Isotrias rectifasciana (Haworth, 1811)",1,247502,"[247501, 247502]","Isotrias rectifasciana (Haworth, 1811)",2,,,,"cas3: 2 grappes, cas3: f_cd_ref",Merge attributes if exists,merge
Plantae,Trachéophytes,Angiospermes,136903,[136903],"Juncus alpinoarticulatus subsp. fuscoater (Schreb.) O.Schwarz, 1949",1,136899,"[136899, 136903]","Juncus alpinoarticulatus subsp. alpinoarticulatus Chaix, 1785",2,,,5,"cas3: 2 grappes, cas3: f_cd_ref",Merge attributes if exists,merge
Fungi,Ascomycètes,Lichens,58308,[58308],"Pertusaria digrediens Nyl., 1898",1,1042779,"[58308, 58309]","Lepra leucosora (Nyl.) Hafellner, 2016",2,,,,"cas3: 2 grappes, cas3: f_cd_ref",Merge attributes if exists,merge
Fungi,Ascomycètes,Lichens,58217,[58217],"Pertusaria amara var. amara (Ach.) Nyl., 1872",1,980963,"[58214, 58217]","Lepra amara (Ach.) Hafellner, 2016",2,,,,"cas3: 2 grappes, cas3: f_cd_ref",Merge attributes if exists,merge
Animalia,Mollusques,Gastéropodes,199877,[199877],"Monachoides incarnatus (O.F. Müller, 1774)",1,348300,"[163323, 199877]","Perforatella incarnata (O.F. Müller, 1774)",2,,,,"cas3: 2 grappes, cas3: f_cd_ref",Merge attributes if exists,merge
Plantae,Trachéophytes,Angiospermes,162186,[162186],"Anacamptis x nicodemii (Ten.) B.Bock, 2012",1,162186,"[162186, 610693]","Anacamptis x nicodemi (Cirillo ex Ten.) B.Bock, 2012",2,,,,"cas3: 2 grappes, cas3: f_cd_ref",Merge attributes if exists,merge
Fungi,Ascomycètes,Lichens,660643,[660643],"Lecanora rupicola subsp. rupicola (L.) Zahlbr., 1928",1,1045791,"[58484, 660643]","Glaucomaria rupicola (L.) P.F.Cannon, 2022",2,,,,"cas3: 2 grappes, cas3: f_cd_ref",Merge attributes if exists,merge
Plantae,Trachéophytes,Angiospermes,122856,[122856],"Serapias x intermedia Forest. ex F.W.Schultz, 1853",1,122856,"[122853, 122856]","Serapias x intermedia Forest. ex F.W.Schultz, 1851",2,,,,"cas3: 2 grappes, cas3: f_cd_ref",Merge attributes if exists,merge
Plantae,Trachéophytes,Angiospermes,142037,[142037],"Urtica dioica subsp. dioica L., 1753",1,128268,"[128268, 142037]","Urtica dioica L., 1753",2,,,1,"cas3: 2 grappes, cas3: f_cd_ref",Merge attributes if exists,merge
Plantae,Trachéophytes,Angiospermes,130074,[130074],"Washingtonia filifera (Linden ex André) H.Wendl. ex de Bary, 1879",1,130074,"[130074, 130075]","Washingtonia filifera (T.Moore & Mast.) H.Wendl. ex de Bary, 1879",2,,,,"cas3: 2 grappes, cas3: f_cd_ref",Merge attributes if exists,merge
Animalia,Mollusques,Gastéropodes,163323,[163323],"Monachoides incarnatus incarnatus (O.F. Müller, 1774)",1,348300,"[163323, 199877]","Perforatella incarnata (O.F. Müller, 1774)",2,,,3,"cas3: 2 grappes, cas3: f_cd_ref",Merge attributes if exists,merge
Fungi,Ascomycètes,Lichens,607983,[607983],"Lecidea atrobrunnea subsp. atrobrunnea (DC.) Schaer., 1828",1,57077,"[57077, 607983]","Lecidea atrobrunnea (DC.) Schaer., 1828",2,,,,"cas3: 2 grappes, cas3: f_cd_ref",Merge attributes if exists,merge
Fungi,Ascomycètes,Lichens,658461,[57077],Lecidea atrobrunnea (Ramond ex Lam. & DC.) Schaer.,1,57077,"[57077, 607983]","Lecidea atrobrunnea (DC.) Schaer., 1828",2,,,,"cas3: 2 grappes, cas3: f_cd_ref",Merge attributes if exists,merge
Fungi,Basidiomycètes,Autres,42790,[42790],"Hydnum albidum Peck, 1887",1,1043569,"[42790, 469723]","Hydnum pallidum Raddi, 1807",2,,,1,"cas3: 2 grappes, cas3: f_cd_ref",Merge attributes if exists,merge
Plantae,Trachéophytes,Angiospermes,718355,[718355],"Ficaria verna subsp. verna Huds., 1762",1,98651,"[98651, 718355]","Ficaria verna Huds., 1762",2,,,,"cas3: 2 grappes, cas3: f_cd_ref",Merge attributes if exists,merge
Plantae,Trachéophytes,Angiospermes,120040,[120040],"Salix fragilis L., 1753",1,120040,"[120040, 120512]","Salix x fragilis L., 1753",2,,,3,"cas3: 2 grappes, cas3: f_cd_ref",Merge attributes if exists,merge
Fungi,Ascomycètes,Lichens,660680,[660680],"Physconia distorta var. distorta (With.) J.R.Laundon, 1984",1,660680,"[59979, 660680]","Physconia distorta var. distorta (With.) J.R.Laundon, 1984",2,,,3,"cas3: 2 grappes, cas3: f_cd_ref",Merge attributes if exists,merge
Plantae,Trachéophytes,Angiospermes,128268,[128268],"Urtica dioica L., 1753",1,128268,"[128268, 142037]","Urtica dioica L., 1753",2,,,12,"cas3: 2 grappes, cas3: f_cd_ref",Merge attributes if exists,merge
Fungi,Ascomycètes,Lichens,58484,[58484],"Lecanora rupicola (L.) Zahlbr., 1928",1,1045791,"[58484, 660643]","Glaucomaria rupicola (L.) P.F.Cannon, 2022",2,,,,"cas3: 2 grappes, cas3: f_cd_ref",Merge attributes if exists,merge
Fungi,Ascomycètes,Lichens,979724,[979724],"Polyozosia dispersa (Pers.) S.Y.Kondr., Lőkös & Farkas, 2019",1,979724,"[660510, 979724]","Polyozosia dispersa (Pers.) S.Y.Kondr., Lőkös & Farkas, 2019",2,,,1,"cas3: 2 grappes, cas3: f_cd_ref",Merge attributes if exists,merge
Fungi,Basidiomycètes,Autres,469723,[469723],"Hydnum repandum var. album (Quél.) Rea, 1922",1,1043569,"[42790, 469723]","Hydnum pallidum Raddi, 1807",2,,,,"cas3: 2 grappes, cas3: f_cd_ref",Merge attributes if exists,merge
Animalia,Arthropodes,Insectes,1025242,[1025242],"Plagiolepis pyrenaica Emery, 1921",1,1025242,"[264354, 1025242]","Plagiolepis pyrenaica Emery, 1921",2,,,,"cas3: 2 grappes, cas3: f_cd_ref",Merge attributes if exists,merge
Plantae,Trachéophytes,Angiospermes,610693,[610693],Anacamptis morio x Anacamptis papilionacea ,1,162186,"[162186, 610693]","Anacamptis x nicodemi (Cirillo ex Ten.) B.Bock, 2012",2,,,,"cas3: 2 grappes, cas3: f_cd_ref",Merge attributes if exists,merge
Plantae,Trachéophytes,Angiospermes,122853,[122853],"Serapias x grenieri K.Richt., 1890",1,122856,"[122853, 122856]","Serapias x intermedia Forest. ex F.W.Schultz, 1851",2,,,,"cas3: 2 grappes, cas3: f_cd_ref",Merge attributes if exists,merge
Fungi,Ascomycètes,Lichens,660510,[660510],Lecanora dispersa (Pers.) Sommerf.,1,979724,"[660510, 979724]","Polyozosia dispersa (Pers.) S.Y.Kondr., Lőkös & Farkas, 2019",2,,,1,"cas3: 2 grappes, cas3: f_cd_ref",Merge attributes if exists,merge
Plantae,Trachéophytes,Angiospermes,146003,[146003],"Dactylorhiza incarnata var. hyphaematodes (Neuman) Landwehr, 1975",1,94259,"[94259, 146003]","Dactylorhiza incarnata (L.) Soó, 1962",2,,,2,"cas3: 2 grappes, cas3: f_cd_ref",Merge attributes if exists,merge
Plantae,Trachéophytes,Angiospermes,103737,[103737],"Iris germanica L., 1753",1,103737,"[103737, 153377]","Iris germanica L., 1753",2,,,,"cas3: 2 grappes, cas3: f_cd_ref",Merge attributes if exists,merge
Plantae,Trachéophytes,Angiospermes,94259,[94259],"Dactylorhiza incarnata (L.) Soó, 1962",1,94259,"[94259, 146003]","Dactylorhiza incarnata (L.) Soó, 1962",2,,,9,"cas3: 2 grappes, cas3: f_cd_ref",Merge attributes if exists,merge
Plantae,Trachéophytes,Angiospermes,153377,[153377],Iris germanica 'Florentina' ,1,103737,"[103737, 153377]","Iris germanica L., 1753",2,,,,"cas3: 2 grappes, cas3: f_cd_ref",Merge attributes if exists,merge
Animalia,Arthropodes,Insectes,247501,[247501],"Isotrias hybridana (Hübner, 1817)",1,247502,"[247501, 247502]","Isotrias rectifasciana (Haworth, 1811)",2,,,,"cas3: 2 grappes, cas3: f_cd_ref",Merge attributes if exists,merge
Fungi,Ascomycètes,Lichens,59979,[59979],"Physconia distorta (With.) J.R.Laundon, 1984",1,660680,"[59979, 660680]","Physconia distorta var. distorta (With.) J.R.Laundon, 1984",2,,,3,"cas3: 2 grappes, cas3: f_cd_ref",Merge attributes if exists,merge
Fungi,Ascomycètes,Lichens,58214,[58214],"Pertusaria amara (Ach.) Nyl., 1872",1,980963,"[58214, 58217]","Lepra amara (Ach.) Hafellner, 2016",2,,,2,"cas3: 2 grappes, cas3: f_cd_ref",Merge attributes if exists,merge
Plantae,Trachéophytes,Angiospermes,160395,[160395],"Thymelaea passerina subsp. passerina (L.) Coss. & Germ., 1861",1,126474,"[126474, 160395]","Thymelaea passerina (L.) Coss. & Germ., 1859",2,,,2,"cas3: 2 grappes, cas3: f_cd_ref",Merge attributes if exists,merge
Animalia,Mollusques,Gastéropodes,416748,[416748],"Trochulus plebeius (Draparnaud, 1805)",1,416747,"[416747, 416748, 416749]","Trochulus hispidus (Linnaeus, 1758)",3,,,1,cas3: f_cd_ref,Merge attributes if exists,merge
Fungi,Ascomycètes,Autres,660812,[660812],"Caloplaca crenularia var. contigua (A.Massal.) H.Olivier, 2012",1,977757,"[660469, 660718, 660812, 660813]","Blastenia crenularia (With.) Arup, Søchting & Frödén, 2013",4,,,,cas3: f_cd_ref,Merge attributes if exists,merge
